"","ScanID","Genotype","Subdirectory","RegType","Label","TotalOrTargetOverlap","UnionOverlap","MeanOverlap","VolumeSimilarity","FalseNegativeError","FalsePositiveError","OrganName"
"1","Scan_0011","WT/WT","WT","Intensity Only","All",0.932936162377195,0.903040024952935,0.949049954927005,-0.034544255437052,0.0670638376228052,4.66432776122001e-05,"All"
"2","Scan_0011","WT/WT","WT","Intensity Only","1",0.95682123655914,0.924813251055537,0.960938159115836,-0.00860541635029107,0.0431787634408602,1.66853229095963e-05,"lung (left)"
"3","Scan_0011","WT/WT","WT","Intensity Only","2",0.863212906157691,0.841355381662483,0.91384356332438,-0.117307461011105,0.136787093842309,2.77981986929336e-05,"lung (right)"
"4","Scan_0011","WT/WT","WT","Intensity Only","3",0.907643312101911,0.873228648027576,0.932324677979963,-0.0543856062154979,0.0923566878980892,8.01644099170663e-06,"kidney (left)"
"5","Scan_0011","WT/WT","WT","Intensity Only","4",0.934931506849315,0.868044515103339,0.92936170212766,0.0119148936170213,0.0650684931506849,1.45751395407665e-05,"kidney (right)"
"6","Scan_0011","WT/WT","WT","Intensity Only","5",0.937029910792374,0.899580184718724,0.947135785007072,-0.0215700141442716,0.0629700892076264,1.92768508105389e-05,"stomach"
"7","Scan_0011","WT/WT","WT","Intensity Only","6",0.889543488569253,0.879196727830483,0.935715473329403,-0.103810517087622,0.110456511430747,6.66800243825808e-05,"liver"
"8","Scan_0011","WT/WT","WT","Intensity Only","7",0.936026936026936,0.871473354231975,0.931323283082077,0.0100502512562814,0.063973063973064,1.78111187528007e-06,"adrenal (left)"
"9","Scan_0011","WT/WT","WT","Intensity Only","8",0.907079646017699,0.843621399176955,0.915178571428572,-0.0178571428571429,0.0929203539823009,1.37630581061741e-06,"adrenal (right)"
"10","Scan_0011","WT/WT","WT","Intensity Only","9",0.842443729903537,0.785607196401799,0.879932829554996,-0.0890008396305626,0.157556270096463,3.64327924278084e-06,"rectum"
"11","Scan_0011","WT/WT","WT","Intensity Only","10",0.926650366748166,0.85514440433213,0.921916808562394,0.0102164923376307,0.0733496332518337,1.38460563071337e-05,"bladder"
"12","Scan_0011","WT/WT","WT","Intensity Only","11",0.914819643633203,0.871755935946991,0.931484622759791,-0.0364333652924257,0.085180356366797,2.76220068497717e-05,"heart"
"13","Scan_0011","WT/WT","WT","Intensity Only","12",0.926380368098159,0.827397260273973,0.905547226386807,0.0449775112443778,0.0736196319018405,3.1574330102011e-06,"thymus (left)"
"14","Scan_0011","WT/WT","WT","Intensity Only","13",0.879699248120301,0.841726618705036,0.9140625,-0.078125,0.120300751879699,9.71513130080913e-07,"thymus (right)"
"15","Scan_0011","WT/WT","WT","Intensity Only","14",0.961050680847635,0.944708016189201,0.971567976605996,-0.0218870783153385,0.0389493191523648,0.000175580318713853,"brain"
"16","Scan_0011","WT/WT","WT","Intensity Only","15",0.95400654898566,0.830504587155963,0.907405087081819,0.0976963144611309,0.04599345101434,0.000320553308599372,"spinal cord"
"17","Scan_0035","WT/WT","WT","Intensity Only","All",0.979126391777805,0.911325352951321,0.953605676337754,0.0521295629539972,0.020873608222195,0.000115040371835217,"All"
"18","Scan_0035","WT/WT","WT","Intensity Only","1",0.993456094962715,0.859286560484402,0.924318584070796,0.139185840707965,0.00654390503728504,8.31067944178478e-05,"lung (left)"
"19","Scan_0035","WT/WT","WT","Intensity Only","2",0.977502969328582,0.894393658505402,0.944253222649659,0.0680299655800769,0.0224970306714176,0.000107798631184328,"lung (right)"
"20","Scan_0035","WT/WT","WT","Intensity Only","3",0.904166666666667,0.878542510121457,0.935344827586207,-0.0689655172413793,0.0958333333333333,6.23507428483698e-06,"kidney (left)"
"21","Scan_0035","WT/WT","WT","Intensity Only","4",0.967132602946732,0.893542757417103,0.943778801843318,0.048294930875576,0.0328673970532678,1.76525579811628e-05,"kidney (right)"
"22","Scan_0035","WT/WT","WT","Intensity Only","5",0.950039546533087,0.888327375816591,0.940861618798956,0.0193211488250653,0.0499604534669127,4.26909179163009e-05,"stomach"
"23","Scan_0035","WT/WT","WT","Intensity Only","6",0.971737266801834,0.935005760972033,0.966411345982082,0.0109616477657185,0.0282627331981657,0.000235123702187611,"liver"
"24","Scan_0035","WT/WT","WT","Intensity Only","7",0.882666666666667,0.742152466367713,0.851994851994852,0.0694980694980695,0.117333333333333,5.74817007815163e-06,"adrenal (left)"
"25","Scan_0035","WT/WT","WT","Intensity Only","8",0.918495297805643,0.811634349030471,0.896024464831804,0.0489296636085627,0.0815047021943574,3.40031054550453e-06,"adrenal (right)"
"26","Scan_0035","WT/WT","WT","Intensity Only","9",0.847635726795096,0.664835164835165,0.798679867986799,0.115511551155116,0.152364273204904,1.27109439851368e-05,"rectum"
"27","Scan_0035","WT/WT","WT","Intensity Only","10",0.956135480288729,0.814184397163121,0.897576231430805,0.122491529841022,0.0438645197112715,2.54244197989511e-05,"bladder"
"28","Scan_0035","WT/WT","WT","Intensity Only","11",0.984599044078598,0.893493975903614,0.943751590735556,0.0829727666072792,0.015400955921402,6.22134374544335e-05,"heart"
"29","Scan_0035","WT/WT","WT","Intensity Only","12",0.990361445783133,0.78735632183908,0.881028938906752,0.220793140407288,0.00963855421686747,8.66276324174202e-06,"thymus (left)"
"30","Scan_0035","WT/WT","WT","Intensity Only","13",0.986072423398329,0.823255813953488,0.903061224489796,0.168367346938776,0.0139275766016713,5.74816263219863e-06,"thymus (right)"
"31","Scan_0035","WT/WT","WT","Intensity Only","14",0.992683378383382,0.936298169270852,0.967101228653676,0.051541408442575,0.00731662161661791,0.000665624575134338,"brain"
"32","Scan_0035","WT/WT","WT","Intensity Only","15",0.954910190728967,0.815159259161683,0.89816830677233,0.118842346657378,0.0450898092710326,0.000450902738939896,"spinal cord"
"33","Scan_0038","WT/WT","WT","Intensity Only","All",0.970803221537992,0.913762802798727,0.954938408733226,0.0326838899022862,0.0291967784620082,0.000106099665154322,"All"
"34","Scan_0038","WT/WT","WT","Intensity Only","1",0.994286380597015,0.89739002315302,0.945920461478729,0.0972877031449332,0.00571361940298507,7.50189005502142e-05,"lung (left)"
"35","Scan_0038","WT/WT","WT","Intensity Only","2",0.982587487947365,0.895389704362208,0.944808027923211,0.0768979057591623,0.0174125120526346,0.000139203037074625,"lung (right)"
"36","Scan_0038","WT/WT","WT","Intensity Only","3",0.926273039675102,0.865188211263496,0.927722152690864,-0.00312891113892365,0.0737269603248985,1.83011792680678e-05,"kidney (left)"
"37","Scan_0038","WT/WT","WT","Intensity Only","4",0.947495473747737,0.862637362637363,0.926253687315634,0.0448377581120944,0.0525045262522631,2.63992877698902e-05,"kidney (right)"
"38","Scan_0038","WT/WT","WT","Intensity Only","5",0.984389846613275,0.878178735771373,0.935138620245003,0.10006447453256,0.0156101533867246,7.21763435755966e-05,"stomach"
"39","Scan_0038","WT/WT","WT","Intensity Only","6",0.963068122724909,0.938072372153335,0.968046792918337,-0.0103391859328528,0.036931877275091,0.000209040776985475,"liver"
"40","Scan_0038","WT/WT","WT","Intensity Only","7",0.92512077294686,0.809725158562368,0.894859813084112,0.0654205607476635,0.0748792270531401,4.77666345685677e-06,"adrenal (left)"
"41","Scan_0038","WT/WT","WT","Intensity Only","8",0.861702127659574,0.818181818181818,0.9,-0.0888888888888889,0.138297872340426,1.61920297000686e-06,"adrenal (right)"
"42","Scan_0038","WT/WT","WT","Intensity Only","9",0.856330014224751,0.7525,0.858773181169757,-0.00570613409415121,0.143669985775249,7.85334231367075e-06,"rectum"
"43","Scan_0038","WT/WT","WT","Intensity Only","10",0.944827586206897,0.82823613086771,0.906049406730208,0.0820851974324062,0.0551724137931034,2.80979236120294e-05,"bladder"
"44","Scan_0038","WT/WT","WT","Intensity Only","11",0.970516540917005,0.900872750781166,0.947851717492348,0.0467067225938102,0.0294834590829948,5.39554488400672e-05,"heart"
"45","Scan_0038","WT/WT","WT","Intensity Only","12",0.97741273100616,0.836555360281195,0.911004784688995,0.135885167464115,0.0225872689938398,6.63879183703871e-06,"thymus (left)"
"46","Scan_0038","WT/WT","WT","Intensity Only","13",0.96144578313253,0.817622950819672,0.899661781285231,0.128523111612176,0.0385542168674699,5.9101095013754e-06,"thymus (right)"
"47","Scan_0038","WT/WT","WT","Intensity Only","14",0.986138090724021,0.928854246715702,0.963115018459565,0.0466934042625849,0.0138619092759794,0.000649326531316813,"brain"
"48","Scan_0038","WT/WT","WT","Intensity Only","15",0.934337818303125,0.847282444287587,0.91732852970878,0.0364092906465788,0.0656621816968753,0.000300093535647475,"spinal cord"
"49","Scan_0044","WT/WT","WT","Intensity Only","All",0.95826921432846,0.930734552801929,0.964124821251295,-0.0122212147385699,0.0417307856715397,4.48915880850363e-05,"All"
"50","Scan_0044","WT/WT","WT","Intensity Only","1",0.981830305050842,0.914880397639018,0.95554834523037,0.0535366645035691,0.0181696949491582,3.5557692436976e-05,"lung (left)"
"51","Scan_0044","WT/WT","WT","Intensity Only","2",0.970440962687773,0.911062248843733,0.953461614758976,0.0349930569331482,0.0295590373122274,6.53984075852428e-05,"lung (right)"
"52","Scan_0044","WT/WT","WT","Intensity Only","3",0.974330357142857,0.921209989447766,0.958989381179055,0.031490296594654,0.0256696428571429,1.25511723442772e-05,"kidney (left)"
"53","Scan_0044","WT/WT","WT","Intensity Only","4",0.951896754008604,0.923368740515933,0.960157790927022,-0.0173570019723866,0.0481032459913962,6.39698127263489e-06,"kidney (right)"
"54","Scan_0044","WT/WT","WT","Intensity Only","5",0.961322704458223,0.918088256027069,0.957295112091143,0.00837927232635061,0.0386772955417774,2.58396718831483e-05,"stomach"
"55","Scan_0044","WT/WT","WT","Intensity Only","6",0.920993927376379,0.903866502876464,0.949506177571646,-0.0619162610039991,0.0790060726236213,0.000124598233850594,"liver"
"56","Scan_0044","WT/WT","WT","Intensity Only","7",0.894308943089431,0.850515463917526,0.919220055710306,-0.0557103064066852,0.105691056910569,1.53824194975244e-06,"adrenal (left)"
"57","Scan_0044","WT/WT","WT","Intensity Only","8",0.927868852459016,0.873456790123457,0.932454695222405,-0.00988467874794069,0.0721311475409836,1.53823397947526e-06,"adrenal (right)"
"58","Scan_0044","WT/WT","WT","Intensity Only","9",0.869172932330827,0.810659186535764,0.895429899302866,-0.0604182804027885,0.130827067669173,3.8861780548011e-06,"rectum"
"59","Scan_0044","WT/WT","WT","Intensity Only","10",0.656389452332657,0.607357357357357,0.755721625408688,-0.302662307333022,0.343610547667343,1.61137948092042e-05,"bladder"
"60","Scan_0044","WT/WT","WT","Intensity Only","11",0.984491587417703,0.904922001075847,0.950088245675962,0.0698905753618073,0.015508412582297,4.8682506382795e-05,"heart"
"61","Scan_0044","WT/WT","WT","Intensity Only","12",0.950617283950617,0.893271461716937,0.943627450980392,0.0147058823529412,0.0493827160493827,2.10496880314793e-06,"thymus (left)"
"62","Scan_0044","WT/WT","WT","Intensity Only","13",0.956989247311828,0.903553299492386,0.949333333333333,0.016,0.043010752688172,1.78112269020771e-06,"thymus (right)"
"63","Scan_0044","WT/WT","WT","Intensity Only","14",0.98463473447251,0.964779113943923,0.982073869878748,0.00520165398214179,0.01536526552749,0.000210103534670968,"brain"
"64","Scan_0044","WT/WT","WT","Intensity Only","15",0.959395119029795,0.918839083426539,0.957703114724697,0.00352723142225145,0.0406048809702051,0.000119655123735493,"spinal cord"
"65","Scan_0086","WT/WT","WT","Intensity Only","All",0.952571254962056,0.92411262295666,0.960559805004175,-0.0167726036251986,0.0474287450379437,4.98641879321562e-05,"All"
"66","Scan_0086","WT/WT","WT","Intensity Only","1",0.973810957254666,0.934836006357463,0.966320663131954,0.0153834665073557,0.0261890427453341,2.24373471506351e-05,"lung (left)"
"67","Scan_0086","WT/WT","WT","Intensity Only","2",0.876370510396975,0.846500304321363,0.916869932098358,-0.0924253411563056,0.123629489603025,4.53946260220478e-05,"lung (right)"
"68","Scan_0086","WT/WT","WT","Intensity Only","3",0.910279694878315,0.874694589877836,0.93315956060324,-0.0502699683485384,0.0897203051216854,9.06928194527028e-06,"kidney (left)"
"69","Scan_0086","WT/WT","WT","Intensity Only","4",0.941998602375961,0.855058674278465,0.92186698580954,0.0427423491195076,0.0580013976240391,2.3564145896883e-05,"kidney (right)"
"70","Scan_0086","WT/WT","WT","Intensity Only","5",0.97053015342549,0.934884401521803,0.966346517431748,0.00862134160175452,0.0294698465745101,2.03312141080158e-05,"stomach"
"71","Scan_0086","WT/WT","WT","Intensity Only","6",0.932408289661744,0.905657103192966,0.950493246319624,-0.038791925937168,0.0675917103382563,0.000202149105832556,"liver"
"72","Scan_0086","WT/WT","WT","Intensity Only","7",0.967479674796748,0.866504854368932,0.928478543563069,0.0806241872561769,0.032520325203252,3.48128441259762e-06,"adrenal (left)"
"73","Scan_0086","WT/WT","WT","Intensity Only","8",0.95,0.844444444444444,0.91566265060241,0.072289156626506,0.05,3.23839125789803e-06,"adrenal (right)"
"74","Scan_0086","WT/WT","WT","Intensity Only","9",0.886699507389163,0.79295154185022,0.884520884520885,0.00491400491400491,0.113300492610837,5.8292406531567e-06,"rectum"
"75","Scan_0086","WT/WT","WT","Intensity Only","10",0.945360339142723,0.911030413073082,0.953444180522565,-0.0171021377672209,0.0546396608572774,6.47772807291072e-06,"bladder"
"76","Scan_0086","WT/WT","WT","Intensity Only","11",0.973362445414847,0.948376116862856,0.973504149075557,-0.000291163196971903,0.0266375545851528,1.46614952359861e-05,"heart"
"77","Scan_0086","WT/WT","WT","Intensity Only","12",0.953441295546559,0.8690036900369,0.929911154985193,0.0493583415597236,0.0465587044534413,3.88612425331766e-06,"thymus (left)"
"78","Scan_0086","WT/WT","WT","Intensity Only","13",0.93801652892562,0.883268482490272,0.93801652892562,0,0.0619834710743802,2.42882569192386e-06,"thymus (right)"
"79","Scan_0086","WT/WT","WT","Intensity Only","14",0.969033216134175,0.952251169578094,0.975541656132174,-0.013432852227633,0.0309667838658252,0.000198202846245268,"brain"
"80","Scan_0086","WT/WT","WT","Intensity Only","15",0.966313763233879,0.900917590528845,0.947876536066148,0.0381599183810205,0.0336862367661213,0.000189773913359686,"spinal cord"
"81","Scan_0093","WT/WT","WT","Intensity Only","All",0.927859140528674,0.910970046797266,0.953411120518636,-0.0550772824750168,0.0721408594713259,3.3333432459518e-05,"All"
"82","Scan_0093","WT/WT","WT","Intensity Only","1",0.965982028241335,0.933275455785688,0.96548627149089,0.00102643058763151,0.034017971758665,2.21153950530535e-05,"lung (left)"
"83","Scan_0093","WT/WT","WT","Intensity Only","2",0.887043795620438,0.854506035392008,0.921545704445638,-0.0777907674808051,0.112956204379562,5.07470517259996e-05,"lung (right)"
"84","Scan_0093","WT/WT","WT","Intensity Only","3",0.899557371467484,0.863680941484145,0.926854937730223,-0.0606911068233643,0.100442628532516,9.87918645709295e-06,"kidney (left)"
"85","Scan_0093","WT/WT","WT","Intensity Only","4",0.899077106281631,0.85819835180449,0.923688637406331,-0.0547484324820309,0.100922893718369,1.29567528692932e-05,"kidney (right)"
"86","Scan_0093","WT/WT","WT","Intensity Only","5",0.974157453043826,0.939249935782173,0.968673422080932,0.011259023776409,0.0258425469561742,2.26009295543607e-05,"stomach"
"87","Scan_0093","WT/WT","WT","Intensity Only","6",0.863849195985524,0.855233996971152,0.921968871169248,-0.134559771436535,0.136150804014476,8.81998412402858e-05,"liver"
"88","Scan_0093","WT/WT","WT","Intensity Only","7",0.96401028277635,0.882352941176471,0.9375,0.055,0.0359897172236504,2.91456841354293e-06,"adrenal (left)"
"89","Scan_0093","WT/WT","WT","Intensity Only","8",0.968,0.868421052631579,0.929577464788732,0.0793854033290653,0.032,3.4812861036693e-06,"adrenal (right)"
"90","Scan_0093","WT/WT","WT","Intensity Only","9",0.91437802907916,0.834808259587021,0.909967845659164,0.00964630225080386,0.0856219709208401,4.77674273588993e-06,"rectum"
"91","Scan_0093","WT/WT","WT","Intensity Only","10",0.916625796959294,0.876230661040788,0.934032983508246,-0.0379810094952524,0.0833742030407062,7.61127871668659e-06,"bladder"
"92","Scan_0093","WT/WT","WT","Intensity Only","11",0.968094038623006,0.946633825944171,0.972585407001265,-0.00927878532264867,0.0319059613769941,1.53113365865198e-05,"heart"
"93","Scan_0093","WT/WT","WT","Intensity Only","12",0.9375,0.880503144654088,0.936454849498328,0.00222965440356745,0.0625,2.34785799248103e-06,"thymus (left)"
"94","Scan_0093","WT/WT","WT","Intensity Only","13",0.910344827586207,0.874172185430464,0.932862190812721,-0.049469964664311,0.0896551724137931,1.4572896339669e-06,"thymus (right)"
"95","Scan_0093","WT/WT","WT","Intensity Only","14",0.969903881889133,0.955504504827883,0.977246027783488,-0.015139945372845,0.0300961181108674,0.000169301357644615,"brain"
"96","Scan_0093","WT/WT","WT","Intensity Only","15",0.95376309600171,0.926788728736528,0.962003477510749,-0.0172797239557359,0.0462369039982895,8.8430784761906e-05,"spinal cord"
"97","Scan_0095","WT/WT","WT","Intensity Only","All",0.967165396544522,0.916690566743563,0.956534750730276,0.0219830979318062,0.0328346034554777,9.05026832361595e-05,"All"
"98","Scan_0095","WT/WT","WT","Intensity Only","1",0.990088680229525,0.919425157435815,0.958021367880878,0.0647766467569614,0.0099113197704747,3.57999643782255e-05,"lung (left)"
"99","Scan_0095","WT/WT","WT","Intensity Only","2",0.971382289416847,0.905840886203424,0.950594451783355,0.0428005284015852,0.0286177105831533,7.60180913332244e-05,"lung (right)"
"100","Scan_0095","WT/WT","WT","Intensity Only","3",0.958365758754864,0.900219298245614,0.947489901904212,0.0226966724370071,0.0416342412451362,1.34417722669031e-05,"kidney (left)"
"101","Scan_0095","WT/WT","WT","Intensity Only","4",0.968028419182948,0.884453099642973,0.93868411987599,0.0606269376507062,0.0319715808170515,2.15396527597437e-05,"kidney (right)"
"102","Scan_0095","WT/WT","WT","Intensity Only","5",0.911066448938576,0.835214187010594,0.910208947731694,0.00188241199723913,0.0889335510614244,5.85701542857759e-05,"stomach"
"103","Scan_0095","WT/WT","WT","Intensity Only","6",0.970371053025678,0.940532151271201,0.969354875831435,0.00209440953761882,0.0296289469743223,0.000224535428127669,"liver"
"104","Scan_0095","WT/WT","WT","Intensity Only","7",0.872549019607843,0.787610619469027,0.881188118811881,-0.0198019801980198,0.127450980392157,3.56225576283926e-06,"adrenal (left)"
"105","Scan_0095","WT/WT","WT","Intensity Only","8",0.90625,0.826603325415677,0.905071521456437,0.00260078023407022,0.09375,2.99552743465945e-06,"adrenal (right)"
"106","Scan_0095","WT/WT","WT","Intensity Only","9",0.696428571428571,0.560344827586207,0.718232044198895,-0.0626151012891344,0.303571428571429,1.10107442194402e-05,"rectum"
"107","Scan_0095","WT/WT","WT","Intensity Only","10",0.96319018404908,0.787362086258776,0.881032547699214,0.170594837261504,0.0368098159509202,2.94724862195885e-05,"bladder"
"108","Scan_0095","WT/WT","WT","Intensity Only","11",0.979735953331286,0.921056429499206,0.958906167831117,0.0425212230486064,0.0202640466687135,3.3615166126151e-05,"heart"
"109","Scan_0095","WT/WT","WT","Intensity Only","12",0.939632545931758,0.792035398230089,0.883950617283951,0.118518518518519,0.0603674540682415,5.74817287038898e-06,"thymus (left)"
"110","Scan_0095","WT/WT","WT","Intensity Only","13",0.935185185185185,0.829568788501027,0.906846240179573,0.0606060606060606,0.0648148148148148,4.45282835561097e-06,"thymus (right)"
"111","Scan_0095","WT/WT","WT","Intensity Only","14",0.973890761022185,0.932415174490509,0.965025722007534,0.0182054073607725,0.0261092389778152,0.000518932009095725,"brain"
"112","Scan_0095","WT/WT","WT","Intensity Only","15",0.942693232989945,0.839301405975395,0.912630636010749,0.0637802329053449,0.0573067670100549,0.000324195942923981,"spinal cord"
"113","Scan_0113","WT/WT","WT","Intensity Only","All",0.963027128927123,0.938170296005303,0.968098931181572,-0.0105330412863856,0.036972871072877,4.31558586891978e-05,"All"
"114","Scan_0113","WT/WT","WT","Intensity Only","1",0.970496894409938,0.919568415890142,0.958099131323454,0.0255493101686254,0.0295031055900621,2.59996164044134e-05,"lung (left)"
"115","Scan_0113","WT/WT","WT","Intensity Only","2",0.948721897135818,0.914977352045741,0.955601225328629,-0.014502307185234,0.0512781028641823,3.88195485845696e-05,"lung (right)"
"116","Scan_0113","WT/WT","WT","Intensity Only","3",0.925220938137322,0.886067708333333,0.939592682084915,-0.0310666206420435,0.0747790618626785,5.26287621366986e-06,"kidney (left)"
"117","Scan_0113","WT/WT","WT","Intensity Only","4",0.970748829953198,0.886396011396011,0.939777232395696,0.0638097036058146,0.0292511700468019,1.97577761424529e-05,"kidney (right)"
"118","Scan_0113","WT/WT","WT","Intensity Only","5",0.973193473193473,0.917960698089872,0.95722576484918,0.0328150748728237,0.0268065268065268,3.34541137543551e-05,"stomach"
"119","Scan_0113","WT/WT","WT","Intensity Only","6",0.962678569325529,0.941999423797177,0.970133577027837,-0.0154880516505753,0.0373214306744709,0.000151949655101184,"liver"
"120","Scan_0113","WT/WT","WT","Intensity Only","7",0.917647058823529,0.845528455284553,0.916299559471366,0.00293685756240822,0.0823529411764706,2.34783746358423e-06,"adrenal (left)"
"121","Scan_0113","WT/WT","WT","Intensity Only","8",0.952727272727273,0.83974358974359,0.912891986062718,0.0836236933797909,0.0472727272727273,2.99550100037589e-06,"adrenal (right)"
"122","Scan_0113","WT/WT","WT","Intensity Only","9",0.890965732087227,0.807909604519774,0.89375,-0.00625,0.109034267912773,5.34348487510414e-06,"rectum"
"123","Scan_0113","WT/WT","WT","Intensity Only","10",0.782135076252723,0.754201680672269,0.859880239520958,-0.198802395209581,0.217864923747277,6.88268193337289e-06,"bladder"
"124","Scan_0113","WT/WT","WT","Intensity Only","11",0.96076217360621,0.936442426743706,0.967178175618073,-0.013356067064507,0.0392378263937897,1.49047630195333e-05,"heart"
"125","Scan_0113","WT/WT","WT","Intensity Only","12",0.951566951566952,0.847715736040609,0.917582417582418,0.0714285714285714,0.0484330484330484,3.48127933939243e-06,"thymus (left)"
"126","Scan_0113","WT/WT","WT","Intensity Only","13",0.91566265060241,0.863636363636364,0.926829268292683,-0.024390243902439,0.0843373493975904,1.61919720202723e-06,"thymus (right)"
"127","Scan_0113","WT/WT","WT","Intensity Only","14",0.977702258741407,0.961640827501859,0.980445363921696,-0.0056113303529045,0.022297741258593,0.000193602390973149,"brain"
"128","Scan_0113","WT/WT","WT","Intensity Only","15",0.920972554580638,0.875231624459543,0.933465085638999,-0.0271289974847287,0.0790274454193625,0.000143607676491927,"spinal cord"
"129","Scan_0195","WT/WT","WT","Intensity Only","All",0.965927217353246,0.935838040903293,0.96685571946568,-0.00192250947225124,0.0340727826467535,4.80472168415868e-05,"All"
"130","Scan_0195","WT/WT","WT","Intensity Only","1",0.966497300730391,0.935166692272238,0.966497300730391,0,0.0335026992696094,1.70907854422796e-05,"lung (left)"
"131","Scan_0195","WT/WT","WT","Intensity Only","2",0.969095374539501,0.920728545501685,0.958728444639422,0.0213950663112071,0.0309046254604994,6.24114790434411e-05,"lung (right)"
"132","Scan_0195","WT/WT","WT","Intensity Only","3",0.971825962910128,0.929716820197885,0.963578500707214,0.016973125884017,0.0281740370898716,1.02839603903953e-05,"kidney (left)"
"133","Scan_0195","WT/WT","WT","Intensity Only","4",0.96006711409396,0.890445066915655,0.942048073756997,0.0375370431346724,0.0399328859060403,1.8867692291746e-05,"kidney (right)"
"134","Scan_0195","WT/WT","WT","Intensity Only","5",0.985112359550562,0.924841772151899,0.960953555281545,0.0490478147691465,0.0148876404494382,3.75860306980666e-05,"stomach"
"135","Scan_0195","WT/WT","WT","Intensity Only","6",0.953156599498063,0.928794444114679,0.963082869663696,-0.0208282042444237,0.0468434005019371,0.000175467907628738,"liver"
"136","Scan_0195","WT/WT","WT","Intensity Only","7",0.895939086294416,0.863080684596577,0.926509186351706,-0.068241469816273,0.104060913705584,1.21440399723505e-06,"adrenal (left)"
"137","Scan_0195","WT/WT","WT","Intensity Only","8",0.940251572327044,0.839887640449438,0.912977099236641,0.0580152671755725,0.059748427672956,3.07647119686226e-06,"adrenal (right)"
"138","Scan_0195","WT/WT","WT","Intensity Only","9",0.933933933933934,0.820580474934037,0.901449275362319,0.0695652173913043,0.0660660660660661,7.44850854141525e-06,"rectum"
"139","Scan_0195","WT/WT","WT","Intensity Only","10",0.975184794086589,0.870405278039585,0.930713025951121,0.091206853111615,0.0248152059134108,1.84611826913781e-05,"bladder"
"140","Scan_0195","WT/WT","WT","Intensity Only","11",0.980821917808219,0.907274895646989,0.951383460997343,0.0600281381897765,0.0191780821917808,4.0742181611798e-05,"heart"
"141","Scan_0195","WT/WT","WT","Intensity Only","12",0.959715639810427,0.89010989010989,0.941860465116279,0.0372093023255814,0.0402843601895735,2.67169485034866e-06,"thymus (left)"
"142","Scan_0195","WT/WT","WT","Intensity Only","13",0.968292682926829,0.892134831460674,0.942992874109264,0.0522565320665083,0.0317073170731707,2.83361299744279e-06,"thymus (right)"
"143","Scan_0195","WT/WT","WT","Intensity Only","14",0.976514021541175,0.959583771965341,0.979375095562195,-0.00585977048543529,0.0234859784588254,0.000175050117396409,"brain"
"144","Scan_0195","WT/WT","WT","Intensity Only","15",0.949527141718918,0.892455963272881,0.94317223818454,0.0133854068096967,0.0504728582810822,0.000149797963445564,"spinal cord"
"145","Scan_0082","MUT/MUT","KO","Intensity Only","All",0.859154279383252,0.819778761191882,0.900965302677739,-0.0973306524748992,0.140845720616748,8.43817524122492e-05,"All"
"146","Scan_0082","MUT/MUT","KO","Intensity Only","1",0.917693661971831,0.729148452526665,0.843361310547073,0.161998179795733,0.082306338028169,9.51602855553652e-05,"lung (left)"
"147","Scan_0082","MUT/MUT","KO","Intensity Only","2",0.562009978617249,0.548378683821612,0.708326315198473,-0.520689461568694,0.437990021382751,2.26077368051038e-05,"lung (right)"
"148","Scan_0082","MUT/MUT","KO","Intensity Only","3",0.369801324503311,0.242867084203201,0.390817469204927,-0.113661814109742,0.630198675496689,0.000159778341361527,"kidney (left)"
"149","Scan_0082","MUT/MUT","KO","Intensity Only","4",0.436052123552124,0.291216760676873,0.451073389915127,-0.0688966550174738,0.563947876447876,0.000166909783197068,"kidney (right)"
"150","Scan_0082","MUT/MUT","KO","Intensity Only","5",0.723215230037017,0.627339449541284,0.771000112752283,-0.132145675949938,0.276784769962983,0.000117073467935684,"stomach"
"151","Scan_0082","MUT/MUT","KO","Intensity Only","6",0.917360217735654,0.898003940717896,0.946261408054018,-0.0630094694747105,0.0826397822643458,0.000201260595700312,"liver"
"152","Scan_0082","MUT/MUT","KO","Intensity Only","7",0,0,0,-0.90104772991851,1,1.91069771312963e-05,"adrenal (left)"
"153","Scan_0082","MUT/MUT","KO","Intensity Only","8",0.00123456790123457,0.000961538461538462,0.00192122958693564,-1.11239193083573,0.998765432098765,1.8621488452815e-05,"adrenal (right)"
"154","Scan_0082","MUT/MUT","KO","Intensity Only","9",0.216981132075472,0.186046511627907,0.313725490196078,-0.891730605285592,0.783018867924528,1.141581717334e-05,"rectum"
"155","Scan_0082","MUT/MUT","KO","Intensity Only","10",0.275425405619311,0.241415192507804,0.388935456831517,-0.824252584520816,0.724574594380689,2.88268329229963e-05,"bladder"
"156","Scan_0082","MUT/MUT","KO","Intensity Only","11",0.921231474658151,0.899432408665761,0.947053872053872,-0.0560606060606061,0.0787685253418488,2.39871914880479e-05,"heart"
"157","Scan_0082","MUT/MUT","KO","Intensity Only","12",0.945558739255014,0.626185958254269,0.770128354725788,0.371061843640607,0.0544412607449857,1.44108749319835e-05,"thymus (left)"
"158","Scan_0082","MUT/MUT","KO","Intensity Only","13",0.8,0.456479690522244,0.626826029216467,0.432934926958831,0.2,1.79730351040092e-05,"thymus (right)"
"159","Scan_0082","MUT/MUT","KO","Intensity Only","14",0.923907722670728,0.910703481024777,0.953265108970582,-0.0635504728004457,0.0760922773292722,0.000152657604455311,"brain"
"160","Scan_0082","MUT/MUT","KO","Intensity Only","15",0.713098180184228,0.656502083148657,0.792636592283406,-0.223078432421826,0.286901819815772,0.0002180022279081,"spinal cord"
"161","Scan_0105","MUT/MUT","KO","Intensity Only","All",0.619594128974503,0.475765413355357,0.644771057852126,-0.0812691008525012,0.380405871025497,0.000507537817811634,"All"
"162","Scan_0105","MUT/MUT","KO","Intensity Only","1",0.667846190139184,0.635751178980463,0.777320153761669,-0.327841845140033,0.332153809860816,1.73308919991451e-05,"lung (left)"
"163","Scan_0105","MUT/MUT","KO","Intensity Only","2",0.380799533119346,0.366093136338134,0.535970976795126,-0.814977068930112,0.619200466880654,3.34633759555192e-05,"lung (right)"
"164","Scan_0105","MUT/MUT","KO","Intensity Only","3",0.628955696202532,0.39939713639789,0.570813139472267,0.184886016873093,0.371044303797468,0.000117655594462786,"kidney (left)"
"165","Scan_0105","MUT/MUT","KO","Intensity Only","4",0.746052207541089,0.623149394347241,0.767827529021559,-0.0583747927031509,0.253947792458911,4.95585523363821e-05,"kidney (right)"
"166","Scan_0105","MUT/MUT","KO","Intensity Only","5",0.352597639615525,0.244846231835079,0.393375865345459,-0.231301751051989,0.647402360384475,0.000293018915476802,"stomach"
"167","Scan_0105","MUT/MUT","KO","Intensity Only","6",0.86464691186237,0.82865744622814,0.906301448570766,-0.0963503972244014,0.13535308813763,0.000336127076920642,"liver"
"168","Scan_0105","MUT/MUT","KO","Intensity Only","7",0.0313111545988258,0.0220689655172414,0.0431848852901484,-0.758434547908232,0.968688845401174,1.73256611419667e-05,"adrenal (left)"
"169","Scan_0105","MUT/MUT","KO","Intensity Only","8",0.118387909319899,0.0856102003642987,0.157718120805369,-0.664429530201342,0.881612090680101,1.23059634941974e-05,"adrenal (right)"
"170","Scan_0105","MUT/MUT","KO","Intensity Only","9",0.331501831501831,0.202687569988802,0.337057728119181,-0.0335195530726257,0.668498168498168,2.80935581875882e-05,"rectum"
"171","Scan_0105","MUT/MUT","KO","Intensity Only","10",0.758320126782884,0.546544831524843,0.706794682422452,0.13589364844904,0.241679873217116,3.95923526035008e-05,"bladder"
"172","Scan_0105","MUT/MUT","KO","Intensity Only","11",0.7213608957795,0.496002368966538,0.663103721298496,0.161520190023753,0.2786391042205,0.000256375653433903,"heart"
"173","Scan_0105","MUT/MUT","KO","Intensity Only","12",0,0,0,-0.637554585152838,1,2.52600326048729e-05,"thymus (left)"
"174","Scan_0105","MUT/MUT","KO","Intensity Only","13",0.825757575757576,0.725055432372506,0.840616966580977,-0.0359897172236504,0.174242424242424,4.45281537753074e-06,"thymus (right)"
"175","Scan_0105","MUT/MUT","KO","Intensity Only","14",0.470595790224759,0.307734659692704,0.470637766479351,-0.000178396218000178,0.529404209775241,0.00607362506757707,"brain"
"176","Scan_0105","MUT/MUT","KO","Intensity Only","15",0.667023055624092,0.593106306218463,0.744590996725526,-0.232579490161276,0.332976944375908,0.00036912368850865,"spinal cord"
"177","Scan_0110","MUT/MUT","KO","Intensity Only","All",0.828238181422703,0.629604786981805,0.772708563464517,0.134090939547848,0.171761818577297,0.000415443683483135,"All"
"178","Scan_0110","MUT/MUT","KO","Intensity Only","1",0.479861411866609,0.4435548438751,0.61453133666112,-0.56128674431503,0.520138588133391,3.06134498005024e-05,"lung (left)"
"179","Scan_0110","MUT/MUT","KO","Intensity Only","2",0.35475,0.342133815551537,0.509835623821073,-0.874337555016617,0.64525,2.38979946099086e-05,"lung (right)"
"180","Scan_0110","MUT/MUT","KO","Intensity Only","3",0.844356261022928,0.716423494201272,0.834786399302528,0.022667829119442,0.155643738977072,3.27938833982301e-05,"kidney (left)"
"181","Scan_0110","MUT/MUT","KO","Intensity Only","4",0.742073387958675,0.659803611023123,0.795038167938931,-0.142748091603053,0.257926612041325,2.83416300081179e-05,"kidney (right)"
"182","Scan_0110","MUT/MUT","KO","Intensity Only","5",0.86750048856752,0.695549984330931,0.82044173366602,0.108492745587284,0.13249951143248,0.00010245391294981,"stomach"
"183","Scan_0110","MUT/MUT","KO","Intensity Only","6",0.941727956033298,0.893734522583332,0.943885757929941,-0.0045826438151667,0.0582720439667017,0.000379193024087603,"liver"
"184","Scan_0110","MUT/MUT","KO","Intensity Only","7",0.407738095238095,0.359580052493438,0.528957528957529,-0.594594594594595,0.592261904761905,3.64319488437147e-06,"adrenal (left)"
"185","Scan_0110","MUT/MUT","KO","Intensity Only","8",0.355704697986577,0.29041095890411,0.450106157112527,-0.530785562632696,0.644295302013423,5.42429569568373e-06,"adrenal (right)"
"186","Scan_0110","MUT/MUT","KO","Intensity Only","9",0.244,0.122,0.2174688057041,0.2174688057041,0.756,4.04804806360811e-05,"rectum"
"187","Scan_0110","MUT/MUT","KO","Intensity Only","10",0.795657726692209,0.66989247311828,0.80231809401159,-0.0167417900837089,0.204342273307791,1.19015339943839e-05,"bladder"
"188","Scan_0110","MUT/MUT","KO","Intensity Only","11",0.57662129703763,0.370358942713154,0.540528369858901,0.125187631341939,0.42337870296237,0.00028171325397681,"heart"
"189","Scan_0110","MUT/MUT","KO","Intensity Only","12",0.96,0.805369127516778,0.892193308550186,0.141263940520446,0.04,3.88604748652877e-06,"thymus (left)"
"190","Scan_0110","MUT/MUT","KO","Intensity Only","13",0.902834008097166,0.750841750841751,0.857692307692308,0.1,0.097165991902834,4.04796514863926e-06,"thymus (right)"
"191","Scan_0110","MUT/MUT","KO","Intensity Only","14",0.838168537471113,0.514844834251168,0.679732765508846,0.378052300651353,0.161831462528887,0.00496695118253437,"brain"
"192","Scan_0110","MUT/MUT","KO","Intensity Only","15",0.714081312161926,0.620474255564316,0.765793413173653,-0.144835329341317,0.285918687838074,0.0003507938546889,"spinal cord"
"193","Scan_0125","MUT/MUT","KO","Intensity Only","All",0.921315131730373,0.846979829768972,0.917151141682923,0.00903923077791923,0.0786848682696266,0.000146361498716013,"All"
"194","Scan_0125","MUT/MUT","KO","Intensity Only","1",0.976838890302876,0.882501724534376,0.937583974593868,0.0803713203859778,0.023161109697124,3.40130462707813e-05,"lung (left)"
"195","Scan_0125","MUT/MUT","KO","Intensity Only","2",0.759790501130818,0.715021843844517,0.833834095362508,-0.1949052906597,0.240209498869182,4.26127238190787e-05,"lung (right)"
"196","Scan_0125","MUT/MUT","KO","Intensity Only","3",0.910204081632653,0.794246575342466,0.885326003970072,0.0546648343258513,0.0897959183673469,3.76550324493254e-05,"kidney (left)"
"197","Scan_0125","MUT/MUT","KO","Intensity Only","4",0.956956956956957,0.832027850304613,0.908313539192399,0.10166270783848,0.043043043043043,3.6439799224804e-05,"kidney (right)"
"198","Scan_0125","MUT/MUT","KO","Intensity Only","5",0.734609527953013,0.662806673209028,0.797214353163362,-0.170443814919736,0.265390472046987,8.06939158245792e-05,"stomach"
"199","Scan_0125","MUT/MUT","KO","Intensity Only","6",0.956439957390044,0.912146145468191,0.954054843171886,0.00498748342690848,0.0435600426099558,0.00041313100147282,"liver"
"200","Scan_0125","MUT/MUT","KO","Intensity Only","7",0.418212478920742,0.392405063291139,0.563636363636364,-0.695454545454545,0.581787521079258,3.15750126360772e-06,"adrenal (left)"
"201","Scan_0125","MUT/MUT","KO","Intensity Only","8",0.493670886075949,0.420258620689655,0.591805766312595,-0.397572078907436,0.506329113924051,5.58625883954621e-06,"adrenal (right)"
"202","Scan_0125","MUT/MUT","KO","Intensity Only","9",0.364963503649635,0.206440957886045,0.342231348391513,0.124572210814511,0.635036496350365,4.25861034743541e-05,"rectum"
"203","Scan_0125","MUT/MUT","KO","Intensity Only","10",0.493931398416887,0.423146473779385,0.594663278271919,-0.407878017789072,0.506068601583114,2.56675236272794e-05,"bladder"
"204","Scan_0125","MUT/MUT","KO","Intensity Only","11",0.967626414553789,0.874660106176356,0.933139936455312,0.0712805636137588,0.0323735854462111,6.01045706123805e-05,"heart"
"205","Scan_0125","MUT/MUT","KO","Intensity Only","12",0.892523364485981,0.789256198347107,0.882217090069284,0.023094688221709,0.107476635514019,4.53378740293647e-06,"thymus (left)"
"206","Scan_0125","MUT/MUT","KO","Intensity Only","13",0,0,0,0.321212121212121,1,3.1007488348916e-05,"thymus (right)"
"207","Scan_0125","MUT/MUT","KO","Intensity Only","14",0.962405616437319,0.876979772675514,0.934458416060004,0.0580777998382234,0.0375943835626813,0.00105252898689543,"brain"
"208","Scan_0125","MUT/MUT","KO","Intensity Only","15",0.78006552646608,0.693329058801528,0.818894656295852,-0.099553508038433,0.21993447353392,0.000337855855690578,"spinal cord"
"209","Scan_0162","MUT/MUT","KO","Intensity Only","All",0.911792020682471,0.828153986885638,0.906000252524072,0.0127041431094442,0.0882079793175286,0.000174029159607787,"All"
"210","Scan_0162","MUT/MUT","KO","Intensity Only","1",0.961222339304531,0.667105455609185,0.800315844885068,0.334795578171609,0.0387776606954689,0.000169428560067,"lung (left)"
"211","Scan_0162","MUT/MUT","KO","Intensity Only","2",0.530954676952748,0.507652590816891,0.673434442270059,-0.536692759295499,0.469045323047252,3.85682368530523e-05,"lung (right)"
"212","Scan_0162","MUT/MUT","KO","Intensity Only","3",0.791612624297449,0.390238704177323,0.561398129694926,0.581634217384639,0.208387375702551,0.00019263440217221,"kidney (left)"
"213","Scan_0162","MUT/MUT","KO","Intensity Only","4",0.936800526662278,0.414023858015711,0.58559670781893,0.749794238683128,0.0631994733377222,0.000155295935513484,"kidney (right)"
"214","Scan_0162","MUT/MUT","KO","Intensity Only","5",0.760582010582011,0.552305274187915,0.71159363222141,0.128818135793441,0.239417989417989,0.000254054337815794,"stomach"
"215","Scan_0162","MUT/MUT","KO","Intensity Only","6",0.907990842690505,0.88610733751248,0.939614962403079,-0.0696573538536302,0.0920091573094953,0.000240744557108901,"liver"
"216","Scan_0162","MUT/MUT","KO","Intensity Only","7",0,0,0,-0.511475409836066,1,1.83779641247567e-05,"adrenal (left)"
"217","Scan_0162","MUT/MUT","KO","Intensity Only","8",0,0,0,0.0947630922693267,1,1.70013765447876e-05,"adrenal (right)"
"218","Scan_0162","MUT/MUT","KO","Intensity Only","9",0.126050420168067,0.05466472303207,0.103662750518314,0.355217691776088,0.873949579831933,6.29071507456926e-05,"rectum"
"219","Scan_0162","MUT/MUT","KO","Intensity Only","10",0.943762120232708,0.68609022556391,0.813823857302118,0.27536231884058,0.0562378797672915,4.70423060931932e-05,"bladder"
"220","Scan_0162","MUT/MUT","KO","Intensity Only","11",0.955352809861206,0.815763301839881,0.898534848692318,0.118946551645443,0.0446471901387945,0.000142847547150426,"heart"
"221","Scan_0162","MUT/MUT","KO","Intensity Only","12",0,0,0,0.100227790432802,1,3.73227523465365e-05,"thymus (left)"
"222","Scan_0162","MUT/MUT","KO","Intensity Only","13",0.932270916334661,0.744038155802862,0.853236098450319,0.169553327256153,0.0677290836653386,1.02820437464529e-05,"thymus (right)"
"223","Scan_0162","MUT/MUT","KO","Intensity Only","14",0.976189570864735,0.916644648990638,0.956509752053799,0.0403196661761145,0.0238104291352654,0.000698981681393806,"brain"
"224","Scan_0162","MUT/MUT","KO","Intensity Only","15",0.839339731859432,0.674276971078843,0.805454512874729,0.0807425591771641,0.160660268140568,0.000531830523339896,"spinal cord"
"225","Scan_0166","MUT/MUT","KO","Intensity Only","All",0.663508995776584,0.507890029811196,0.673643329115704,-0.0305476893414472,0.336491004223416,0.000670243563567431,"All"
"226","Scan_0166","MUT/MUT","KO","Intensity Only","1",0.469255079006772,0.437605254294375,0.608797516546594,-0.594740233116617,0.530744920993228,6.49052994407205e-05,"lung (left)"
"227","Scan_0166","MUT/MUT","KO","Intensity Only","2",0.538686022149057,0.520083802918653,0.684283066394183,-0.540563661422936,0.461313977850943,3.87396861663985e-05,"lung (right)"
"228","Scan_0166","MUT/MUT","KO","Intensity Only","3",0.113354037267081,0.0238848293161741,0.0466553046442267,1.17682147422241,0.886645962732919,0.000585982413240271,"kidney (left)"
"229","Scan_0166","MUT/MUT","KO","Intensity Only","4",0.0399654974123059,0.0139698492462312,0.0275547626127466,0.621072455149172,0.960034502587694,0.000524105704152048,"kidney (right)"
"230","Scan_0166","MUT/MUT","KO","Intensity Only","5",0,0,0,0.583104820875719,1,0.00118283008035484,"stomach"
"231","Scan_0166","MUT/MUT","KO","Intensity Only","6",0.785286515791464,0.76119767797128,0.864409131913122,-0.201512733328707,0.214713484208536,0.000328501030819221,"liver"
"232","Scan_0166","MUT/MUT","KO","Intensity Only","7",0,0,0,-0.575268817204301,1,2.14546182604061e-05,"adrenal (left)"
"233","Scan_0166","MUT/MUT","KO","Intensity Only","8",0,0,0,-0.697530864197531,1,1.7082675697546e-05,"adrenal (right)"
"234","Scan_0166","MUT/MUT","KO","Intensity Only","9",0.00313479623824451,0.000626959247648903,0.0012531328320802,1.20050125313283,0.996865203761755,0.000103304672763423,"rectum"
"235","Scan_0166","MUT/MUT","KO","Intensity Only","10",0.629018961253092,0.319113341698034,0.483830057070387,0.461636017755231,0.370981038746908,9.53775180616115e-05,"bladder"
"236","Scan_0166","MUT/MUT","KO","Intensity Only","11",0.923923880532316,0.876109832292009,0.93396433109855,-0.0217343674685597,0.0760761194676839,0.000102116438207835,"heart"
"237","Scan_0166","MUT/MUT","KO","Intensity Only","12",0.902958579881657,0.736486486486487,0.848249027237354,0.121178432462479,0.0970414201183432,1.54639755355049e-05,"thymus (left)"
"238","Scan_0166","MUT/MUT","KO","Intensity Only","13",0.753593429158111,0.36086529006883,0.530346820809249,0.592485549132948,0.246406570841889,4.29092643125673e-05,"thymus (right)"
"239","Scan_0166","MUT/MUT","KO","Intensity Only","14",0.702841634371011,0.525132320593896,0.688638373868316,0.0404166737088805,0.297158365628989,0.00483272675854546,"brain"
"240","Scan_0166","MUT/MUT","KO","Intensity Only","15",0.269473088692879,0.160153444086137,0.276090106705309,-0.0491107890923462,0.730526911307121,0.00215572743009662,"spinal cord"
"241","Scan_0170","MUT/MUT","KO","Intensity Only","All",0.856702787503506,0.695145442819749,0.820160235529319,0.0853097538778291,0.143297212496494,0.000483934361371059,"All"
"242","Scan_0170","MUT/MUT","KO","Intensity Only","1",0.864727153188692,0.775272620100206,0.873412467834316,-0.0200879887108824,0.135272846811308,5.68603005593369e-05,"lung (left)"
"243","Scan_0170","MUT/MUT","KO","Intensity Only","2",0.610764283011729,0.579727060513557,0.733958510940608,-0.403410059676044,0.389235716988271,4.58613011645205e-05,"lung (right)"
"244","Scan_0170","MUT/MUT","KO","Intensity Only","3",0.549295774647887,0.296321878777413,0.457173304915412,0.33542027441055,0.450704225352113,0.000215968764454602,"kidney (left)"
"245","Scan_0170","MUT/MUT","KO","Intensity Only","4",0.701754385964912,0.407927650567635,0.579472461391281,0.34850348503485,0.298245614035088,0.000176207016035405,"kidney (right)"
"246","Scan_0170","MUT/MUT","KO","Intensity Only","5",0.484146461176009,0.30461367426348,0.466979122283766,0.0709179567296312,0.515853538823991,0.000486471135627326,"stomach"
"247","Scan_0170","MUT/MUT","KO","Intensity Only","6",0.874206456461406,0.815947183185253,0.898646382164094,-0.0559133955647416,0.125793543538594,0.000887754940621399,"liver"
"248","Scan_0170","MUT/MUT","KO","Intensity Only","7",0.0146750524109015,0.00903225806451613,0.0179028132992327,-0.439897698209719,0.985324947589098,2.41263215334301e-05,"adrenal (left)"
"249","Scan_0170","MUT/MUT","KO","Intensity Only","8",0,0,0,-0.0914285714285714,1,2.70406677069498e-05,"adrenal (right)"
"250","Scan_0170","MUT/MUT","KO","Intensity Only","9",0.295125164690382,0.175136825645035,0.298070525615436,-0.0199600798403194,0.704874835309618,4.21005826639678e-05,"rectum"
"251","Scan_0170","MUT/MUT","KO","Intensity Only","10",0.723908918406072,0.578249336870027,0.732773109243698,-0.0244897959183673,0.276091081593928,4.29958678622811e-05,"bladder"
"252","Scan_0170","MUT/MUT","KO","Intensity Only","11",0.971852888577871,0.771638473885665,0.871101508868523,0.207338746210405,0.0281471114221289,0.000270437370246589,"heart"
"253","Scan_0170","MUT/MUT","KO","Intensity Only","12",0.947626841243863,0.722846441947566,0.839130434782609,0.228985507246377,0.0523731587561375,1.53827208810963e-05,"thymus (left)"
"254","Scan_0170","MUT/MUT","KO","Intensity Only","13",0.944144144144144,0.809891808346213,0.894961571306575,0.104184457728437,0.0558558558558559,7.4484416038535e-06,"thymus (right)"
"255","Scan_0170","MUT/MUT","KO","Intensity Only","14",0.927383887856781,0.675245206544088,0.806144920046745,0.261464468808541,0.072616112143219,0.00452904911436781,"brain"
"256","Scan_0170","MUT/MUT","KO","Intensity Only","15",0.697375654639623,0.59484673478454,0.745961002785515,-0.139337666357165,0.302624345360377,0.000483618076973131,"spinal cord"
"257","Scan_0176","MUT/MUT","KO","Intensity Only","All",0.795675500432924,0.642200927317576,0.782122231981159,0.034067326301717,0.204324499567076,0.000326683838709023,"All"
"258","Scan_0176","MUT/MUT","KO","Intensity Only","1",0.478885695334955,0.420500873616773,0.592045920459205,-0.472598059313926,0.521114304665045,5.08600490993843e-05,"lung (left)"
"259","Scan_0176","MUT/MUT","KO","Intensity Only","2",0.681565109805135,0.648660582867236,0.786894027318989,-0.309079546469065,0.318434890194865,2.65680280027015e-05,"lung (right)"
"260","Scan_0176","MUT/MUT","KO","Intensity Only","3",0.104065647146587,0.0542695973546003,0.102952029520295,0.0214022140221402,0.895934352853413,0.000199199138488019,"kidney (left)"
"261","Scan_0176","MUT/MUT","KO","Intensity Only","4",0.348583877995643,0.201969199697046,0.336063852131905,0.0718336483931947,0.651416122004357,0.000134900565894109,"kidney (right)"
"262","Scan_0176","MUT/MUT","KO","Intensity Only","5",0.0372040586245772,0.0161579892280072,0.0318021201413428,0.290395117250241,0.962795941375423,0.000561440566429709,"stomach"
"263","Scan_0176","MUT/MUT","KO","Intensity Only","6",0.792315877905349,0.747756223901898,0.855675652789287,-0.159935643474527,0.207684122094651,0.000433830387160186,"liver"
"264","Scan_0176","MUT/MUT","KO","Intensity Only","7",0,0,0,-0.501002004008016,1,1.51394693251683e-05,"adrenal (left)"
"265","Scan_0176","MUT/MUT","KO","Intensity Only","8",0,0,0,-1.17613636363636,1,1.17393954599953e-05,"adrenal (right)"
"266","Scan_0176","MUT/MUT","KO","Intensity Only","9",0.159212880143113,0.112090680100756,0.20158550396376,-0.532276330690827,0.840787119856887,1.90259167799923e-05,"rectum"
"267","Scan_0176","MUT/MUT","KO","Intensity Only","10",0.519337016574586,0.381855111712932,0.552670259676629,-0.128368446839784,0.480662983425414,3.16572377756507e-05,"bladder"
"268","Scan_0176","MUT/MUT","KO","Intensity Only","11",0.837703848662753,0.764768937589328,0.866707160693798,-0.0692447863940069,0.162296151337247,5.9216813492231e-05,"heart"
"269","Scan_0176","MUT/MUT","KO","Intensity Only","12",0,0,0,0.105621805792164,1,2.50164874034295e-05,"thymus (left)"
"270","Scan_0176","MUT/MUT","KO","Intensity Only","13",0.895752895752896,0.8,0.888888888888889,0.0153256704980843,0.104247104247104,2.50974083039876e-06,"thymus (right)"
"271","Scan_0176","MUT/MUT","KO","Intensity Only","14",0.931886290435513,0.690120298672566,0.816652281159622,0.247313455426063,0.0681137095644868,0.00306451187450373,"brain"
"272","Scan_0176","MUT/MUT","KO","Intensity Only","15",0.633436582980111,0.553214209439738,0.712347602896691,-0.249152076267302,0.366563417019889,0.000288620749739041,"spinal cord"
"273","Scan_0180","MUT/MUT","KO","Intensity Only","All",0.874723592672922,0.785968043211859,0.880159134088856,-0.012428020603228,0.125276407327078,0.000230616511074614,"All"
"274","Scan_0180","MUT/MUT","KO","Intensity Only","1",0.763348837209302,0.699573742540494,0.823234349919743,-0.156902086677368,0.236651162790698,3.96865346908504e-05,"lung (left)"
"275","Scan_0180","MUT/MUT","KO","Intensity Only","2",0.297487286868083,0.292909211398277,0.453100973859559,-1.04618714049775,0.702512713131917,1.6938493009022e-05,"lung (right)"
"276","Scan_0180","MUT/MUT","KO","Intensity Only","3",0.63446385748544,0.408379272326351,0.579927978706748,0.171911695631752,0.36553614251456,0.000130858541349963,"kidney (left)"
"277","Scan_0180","MUT/MUT","KO","Intensity Only","4",0.886569024618261,0.749670619235837,0.856927710843373,0.0668674698795181,0.113430975381739,4.74535309678423e-05,"kidney (right)"
"278","Scan_0180","MUT/MUT","KO","Intensity Only","5",0.433460884353741,0.353012465373961,0.521817018554063,-0.40767754318618,0.566539115646258,0.000173705577472201,"stomach"
"279","Scan_0180","MUT/MUT","KO","Intensity Only","6",0.892204987237385,0.869998085391537,0.930480188389475,-0.0857991194839767,0.107795012762615,0.000287360532921979,"liver"
"280","Scan_0180","MUT/MUT","KO","Intensity Only","7",0.237991266375546,0.167692307692308,0.287220026350461,-0.413702239789196,0.762008733624454,1.55444517075175e-05,"adrenal (left)"
"281","Scan_0180","MUT/MUT","KO","Intensity Only","8",0.330578512396694,0.242792109256449,0.390720390720391,-0.363858363858364,0.669421487603306,1.41681498695559e-05,"adrenal (right)"
"282","Scan_0180","MUT/MUT","KO","Intensity Only","9",0.359173126614987,0.196744515215853,0.328799526907155,0.169130691898285,0.640826873385013,5.17352019105915e-05,"rectum"
"283","Scan_0180","MUT/MUT","KO","Intensity Only","10",0.47519247219846,0.396361041740992,0.567705671946858,-0.389371486969852,0.52480752780154,3.76524499113103e-05,"bladder"
"284","Scan_0180","MUT/MUT","KO","Intensity Only","11",0.972089008248609,0.720122211169532,0.837291916229501,0.27733487545954,0.0279109917513908,0.000295583122787077,"heart"
"285","Scan_0180","MUT/MUT","KO","Intensity Only","12",0.636690647482014,0.580327868852459,0.734439834024896,-0.307053941908714,0.363309352517986,4.37191173013063e-06,"thymus (left)"
"286","Scan_0180","MUT/MUT","KO","Intensity Only","13",0.624703087885986,0.517716535433071,0.682230869001297,-0.184176394293126,0.375296912114014,7.04355858066951e-06,"thymus (right)"
"287","Scan_0180","MUT/MUT","KO","Intensity Only","14",0.970867605162801,0.838929270027563,0.912410589902665,0.120422218125886,0.0291323948371994,0.00200506123205294,"brain"
"288","Scan_0180","MUT/MUT","KO","Intensity Only","15",0.785486877957837,0.697963656752555,0.822118487609384,-0.0932710925656305,0.214513122042163,0.000354948869745212,"spinal cord"
"289","Scan_0011","WT/WT","WT","Label-Informed","All",0.946449395802581,0.919600070770609,0.958116312635311,-0.024654074236767,0.0535506041974189,4.07298800999562e-05,"All"
"290","Scan_0011","WT/WT","WT","Label-Informed","1",0.970040622884225,0.94290885159592,0.970615632144974,-0.001185536455246,0.0299593771157752,1.37693921639523e-05,"lung (left)"
"291","Scan_0011","WT/WT","WT","Label-Informed","2",0.884220282690971,0.864717878993882,0.927451695224207,-0.0977842589216997,0.115779717309029,2.36644478545382e-05,"lung (right)"
"292","Scan_0011","WT/WT","WT","Label-Informed","3",0.924467657693853,0.896377093883911,0.945357436318817,-0.0451930977814297,0.075532342306147,6.31597204874667e-06,"kidney (left)"
"293","Scan_0011","WT/WT","WT","Label-Informed","4",0.957345971563981,0.902151847340641,0.948559231590181,0.0183564567769477,0.042654028436019,1.14981516721187e-05,"kidney (right)"
"294","Scan_0011","WT/WT","WT","Label-Informed","5",0.963952654232425,0.92736369910283,0.962313132217348,0.00340166502551249,0.0360473457675753,1.78187342283954e-05,"stomach"
"295","Scan_0011","WT/WT","WT","Label-Informed","6",0.910352234941,0.899081635618588,0.94685938587967,-0.0802044517220007,0.0896477650590001,6.93575778770818e-05,"liver"
"296","Scan_0011","WT/WT","WT","Label-Informed","7",0.955631399317406,0.894568690095847,0.944350758853288,0.0236087689713322,0.0443686006825939,1.6191920895342e-06,"adrenal (left)"
"297","Scan_0011","WT/WT","WT","Label-Informed","8",0.95045045045045,0.905579399141631,0.950450450450451,0,0.0495495495495495,8.90550530241882e-07,"adrenal (right)"
"298","Scan_0011","WT/WT","WT","Label-Informed","9",0.893401015228426,0.835443037974684,0.910344827586207,-0.0379310344827586,0.106598984771574,3.31942386783965e-06,"rectum"
"299","Scan_0011","WT/WT","WT","Label-Informed","10",0.955134596211366,0.888682745825603,0.941060903732809,0.0294695481335953,0.0448654037886341,1.2145625072975e-05,"bladder"
"300","Scan_0011","WT/WT","WT","Label-Informed","11",0.966686948585336,0.924363636363636,0.960695389266818,0.0123960695389267,0.0333130514146638,2.43812389849045e-05,"heart"
"301","Scan_0011","WT/WT","WT","Label-Informed","12",0.96,0.88135593220339,0.936936936936937,0.048048048048048,0.04,2.34783461237696e-06,"thymus (left)"
"302","Scan_0011","WT/WT","WT","Label-Informed","13",0.932,0.885931558935361,0.939516129032258,-0.0161290322580645,0.068,1.05247119426821e-06,"thymus (right)"
"303","Scan_0011","WT/WT","WT","Label-Informed","14",0.964617664588669,0.951905957906785,0.975360471697729,-0.0222737100997227,0.0353823354113307,0.00013559073645397,"brain"
"304","Scan_0011","WT/WT","WT","Label-Informed","15",0.971833113082877,0.856710158434296,0.922825950558414,0.100855099223778,0.0281668869171229,0.000288747519704239,"spinal cord"
"305","Scan_0035","WT/WT","WT","Label-Informed","All",0.982860413486888,0.925016405109906,0.961047815129756,0.0443859536060619,0.0171395865131123,9.74465616937225e-05,"All"
"306","Scan_0035","WT/WT","WT","Label-Informed","1",0.995030120481928,0.870831685778305,0.930956742285473,0.12878681132873,0.00496987951807229,7.67081619752376e-05,"lung (left)"
"307","Scan_0035","WT/WT","WT","Label-Informed","2",0.980263157894737,0.907022939894912,0.951244917845503,0.0592049998319949,0.0197368421052632,9.45071412059889e-05,"lung (right)"
"308","Scan_0035","WT/WT","WT","Label-Informed","3",0.921643210346139,0.90749063670412,0.95150206165325,-0.0647948164146868,0.0783567896538608,3.31997166201749e-06,"kidney (left)"
"309","Scan_0035","WT/WT","WT","Label-Informed","4",0.972149040270982,0.905680224403927,0.95050597976081,0.044526218951242,0.0278509597290177,1.57901449251891e-05,"kidney (right)"
"310","Scan_0035","WT/WT","WT","Label-Informed","5",0.953969485389191,0.911990111248455,0.953969485389191,0,0.0460305146108094,2.88389923915285e-05,"stomach"
"311","Scan_0035","WT/WT","WT","Label-Informed","6",0.976729978141928,0.946456527172984,0.972491821892995,0.00867825569763984,0.0232700218580719,0.000191880506333238,"liver"
"312","Scan_0035","WT/WT","WT","Label-Informed","7",0.926701570680628,0.823255813953488,0.903061224489796,0.0510204081632653,0.0732984293193717,3.88608901572652e-06,"adrenal (left)"
"313","Scan_0035","WT/WT","WT","Label-Informed","8",0.911042944785276,0.815934065934066,0.898638426626324,0.027231467473525,0.0889570552147239,3.07647318942671e-06,"adrenal (right)"
"314","Scan_0035","WT/WT","WT","Label-Informed","9",0.861801242236025,0.76027397260274,0.863813229571984,-0.0046692607003891,0.138198757763975,6.96272384347538e-06,"rectum"
"315","Scan_0035","WT/WT","WT","Label-Informed","10",0.972085385878489,0.850982271202683,0.919492622314264,0.108206057468289,0.0279146141215107,2.10521116684973e-05,"bladder"
"316","Scan_0035","WT/WT","WT","Label-Informed","11",0.988118811881188,0.904641044234953,0.949933371406815,0.0772891680944222,0.0118811881188119,5.66241461722766e-05,"heart"
"317","Scan_0035","WT/WT","WT","Label-Informed","12",0.995535714285714,0.857692307692308,0.923395445134575,0.144927536231884,0.00446428571428571,5.82916467098737e-06,"thymus (left)"
"318","Scan_0035","WT/WT","WT","Label-Informed","13",0.989159891598916,0.850815850815851,0.919395465994962,0.141057934508816,0.010840108401084,4.85760615711296e-06,"thymus (right)"
"319","Scan_0035","WT/WT","WT","Label-Informed","14",0.994531854526696,0.944248920732433,0.971325132973938,0.0466686339851875,0.0054681454733041,0.000591498159406053,"brain"
"320","Scan_0035","WT/WT","WT","Label-Informed","15",0.962774754187088,0.848545078708857,0.918068040084297,0.0928705575387438,0.0372252458129116,0.000363426043368408,"spinal cord"
"321","Scan_0038","WT/WT","WT","Label-Informed","All",0.97748639915697,0.927808558008936,0.962552587656513,0.0305555381912972,0.0225136008430301,9.12000883876937e-05,"All"
"322","Scan_0038","WT/WT","WT","Label-Informed","1",0.997218681191332,0.907987759839612,0.951775246101095,0.0911403605795819,0.00278131880866844,6.870010887509e-05,"lung (left)"
"323","Scan_0038","WT/WT","WT","Label-Informed","2",0.984686749007992,0.912192596427647,0.954080251259003,0.0621649428710673,0.015313250992008,0.000115288831357978,"lung (right)"
"324","Scan_0038","WT/WT","WT","Label-Informed","3",0.936532037655633,0.907058823529412,0.951264651449722,-0.0314620604565083,0.0634679623443668,8.66478217102029e-06,"kidney (left)"
"325","Scan_0038","WT/WT","WT","Label-Informed","4",0.96873120865905,0.902521008403361,0.948763250883392,0.0412249705535925,0.0312687913409501,1.97589953231106e-05,"kidney (right)"
"326","Scan_0038","WT/WT","WT","Label-Informed","5",0.989991993594876,0.902774397663665,0.948903242309906,0.0830082496642578,0.0100080064051241,5.86489453963737e-05,"stomach"
"327","Scan_0038","WT/WT","WT","Label-Informed","6",0.973073944620021,0.951408926269261,0.975099491922672,-0.0041631929697618,0.0269260553799787,0.00017753737708433,"liver"
"328","Scan_0038","WT/WT","WT","Label-Informed","7",0.939814814814815,0.867521367521368,0.929061784897025,0.022883295194508,0.0601851851851852,2.91457856003627e-06,"adrenal (left)"
"329","Scan_0038","WT/WT","WT","Label-Informed","8",0.894021739130435,0.859007832898172,0.924157303370786,-0.0674157303370786,0.105978260869565,1.21440144096017e-06,"adrenal (right)"
"330","Scan_0038","WT/WT","WT","Label-Informed","9",0.867486338797814,0.797738693467337,0.887491264849755,-0.0461215932914046,0.132513661202186,5.18159884709426e-06,"rectum"
"331","Scan_0038","WT/WT","WT","Label-Informed","10",0.962886597938144,0.844179320318149,0.915506763379729,0.098412076063517,0.0371134020618557,2.76119911184937e-05,"bladder"
"332","Scan_0038","WT/WT","WT","Label-Informed","11",0.977008851592137,0.921101116289151,0.958930384745571,0.0370077851743202,0.022991148407863,4.27757820697046e-05,"heart"
"333","Scan_0038","WT/WT","WT","Label-Informed","12",0.981670061099796,0.850088183421517,0.918970448045758,0.127740705433746,0.0183299389002037,6.15302857328836e-06,"thymus (left)"
"334","Scan_0038","WT/WT","WT","Label-Informed","13",0.958429561200924,0.846938775510204,0.917127071823204,0.0861878453038674,0.0415704387990762,4.61474976033661e-06,"thymus (right)"
"335","Scan_0038","WT/WT","WT","Label-Informed","14",0.988319002479894,0.938150378035097,0.968088326547909,0.0409395668427346,0.0116809975201057,0.000566323733456078,"brain"
"336","Scan_0038","WT/WT","WT","Label-Informed","15",0.948577008928571,0.868400214564868,0.929565526481284,0.0400842151313811,0.0514229910714286,0.000268668524585159,"spinal cord"
"337","Scan_0044","WT/WT","WT","Label-Informed","All",0.968387383640041,0.943823523244354,0.971100011866363,-0.00560236176585868,0.0316126163599593,3.92317741868807e-05,"All"
"338","Scan_0044","WT/WT","WT","Label-Informed","1",0.98861352980576,0.922932624667813,0.959921957564426,0.058044061458418,0.0113864701942398,3.4423658854251e-05,"lung (left)"
"339","Scan_0044","WT/WT","WT","Label-Informed","2",0.977099236641221,0.927677754043332,0.962482190913408,0.0299192654741175,0.0229007633587786,5.37290775689853e-05,"lung (right)"
"340","Scan_0044","WT/WT","WT","Label-Informed","3",0.972733971997052,0.926966292134832,0.962099125364431,0.021865889212828,0.0272660280029477,1.08507137745277e-05,"kidney (left)"
"341","Scan_0044","WT/WT","WT","Label-Informed","4",0.967369677676084,0.936801541425819,0.967369677676084,0,0.0326303223239156,6.63988095503189e-06,"kidney (right)"
"342","Scan_0044","WT/WT","WT","Label-Informed","5",0.969737427681353,0.929211087420043,0.963306808134394,0.013262599469496,0.0302625723186471,2.38145555697669e-05,"stomach"
"343","Scan_0044","WT/WT","WT","Label-Informed","6",0.939711350601878,0.924653031862775,0.960851661629473,-0.0449932013996739,0.0602886493981219,0.00010527347596477,"liver"
"344","Scan_0044","WT/WT","WT","Label-Informed","7",0.916890080428954,0.9,0.947368421052632,-0.0664819944598338,0.0831099195710456,5.66720901856974e-07,"adrenal (left)"
"345","Scan_0044","WT/WT","WT","Label-Informed","8",0.953947368421053,0.917721518987342,0.957095709570957,-0.0066006600660066,0.0460526315789474,9.71516118909687e-07,"adrenal (right)"
"346","Scan_0044","WT/WT","WT","Label-Informed","9",0.880418535127055,0.834277620396601,0.90965250965251,-0.0664092664092664,0.119581464872945,2.99559655402765e-06,"rectum"
"347","Scan_0044","WT/WT","WT","Label-Informed","10",0.944444444444444,0.844665271966527,0.915792458179756,0.0606747944428693,0.0555555555555556,1.63557164281512e-05,"bladder"
"348","Scan_0044","WT/WT","WT","Label-Informed","11",0.988768961493582,0.915215336843526,0.955731002396729,0.0668264486113069,0.0112310385064177,4.46324569819257e-05,"heart"
"349","Scan_0044","WT/WT","WT","Label-Informed","12",0.985148514851485,0.954436450839328,0.976687116564417,0.0171779141104294,0.0148514851485149,1.05248431636448e-06,"thymus (left)"
"350","Scan_0044","WT/WT","WT","Label-Informed","13",0.967391304347826,0.912820512820513,0.954423592493298,0.0268096514745308,0.0326086956521739,1.78112211340825e-06,"thymus (right)"
"351","Scan_0044","WT/WT","WT","Label-Informed","14",0.986073470040373,0.96952523188178,0.984526845543835,0.00313693562098155,0.0139265299596275,0.00017461288895021,"brain"
"352","Scan_0044","WT/WT","WT","Label-Informed","15",0.962170904843202,0.923740510697032,0.960358744394619,0.00376681614349776,0.0378290951567976,0.000112754992493148,"spinal cord"
"353","Scan_0086","WT/WT","WT","Label-Informed","All",0.958485660627043,0.934386442709894,0.966080429514287,-0.0158474335073014,0.0415143393729574,4.17228128977702e-05,"All"
"354","Scan_0086","WT/WT","WT","Label-Informed","1",0.979169811320755,0.942193173565723,0.970236314687406,0.0182470834579719,0.0208301886792453,2.10602934330684e-05,"lung (left)"
"355","Scan_0086","WT/WT","WT","Label-Informed","2",0.887133612485725,0.860651197144088,0.925107509096924,-0.0856103208733047,0.112866387514275,3.9314644421333e-05,"lung (right)"
"356","Scan_0086","WT/WT","WT","Label-Informed","3",0.925802879291251,0.889677190493083,0.94161817157875,-0.0341655716162943,0.0741971207087486,8.90729874586043e-06,"kidney (left)"
"357","Scan_0086","WT/WT","WT","Label-Informed","4",0.954150746787079,0.880731003526771,0.936583702693488,0.0368223661779748,0.0458492532129212,1.9434373884801e-05,"kidney (right)"
"358","Scan_0086","WT/WT","WT","Label-Informed","5",0.979249313396399,0.947166469893743,0.972866454448992,0.0130362285887525,0.0207506866036009,1.79821471299278e-05,"stomach"
"359","Scan_0086","WT/WT","WT","Label-Informed","6",0.941321463613085,0.918301836136759,0.957411204887458,-0.0341854337680039,0.0586785363869146,0.000170761714620414,"liver"
"360","Scan_0086","WT/WT","WT","Label-Informed","7",0.969072164948454,0.912621359223301,0.954314720812183,0.0304568527918782,0.0309278350515464,1.94304545171921e-06,"adrenal (left)"
"361","Scan_0086","WT/WT","WT","Label-Informed","8",0.941860465116279,0.89010989010989,0.941860465116279,0,0.0581395348837209,1.61919877510851e-06,"adrenal (right)"
"362","Scan_0086","WT/WT","WT","Label-Informed","9",0.912337662337662,0.843843843843844,0.915309446254072,-0.00651465798045603,0.0876623376623377,4.0480860810932e-06,"rectum"
"363","Scan_0086","WT/WT","WT","Label-Informed","10",0.947764705882353,0.916287534121929,0.956315289648623,-0.0180436847103514,0.0522352941176471,5.91092782376561e-06,"bladder"
"364","Scan_0086","WT/WT","WT","Label-Informed","11",0.981554677206851,0.958678867600801,0.978903569603621,0.00540185414993795,0.0184453227931489,1.32034042750355e-05,"heart"
"365","Scan_0086","WT/WT","WT","Label-Informed","12",0.971544715447154,0.896810506566604,0.945598417408506,0.0534124629080119,0.0284552845528455,3.31939726222591e-06,"thymus (left)"
"366","Scan_0086","WT/WT","WT","Label-Informed","13",0.945492662473795,0.884313725490196,0.938605619146722,0.0145681581685744,0.0545073375262055,2.67170674699059e-06,"thymus (right)"
"367","Scan_0086","WT/WT","WT","Label-Informed","14",0.972390003929731,0.958990626839106,0.979066069740689,-0.0137312514196531,0.0276099960702694,0.000157187419308411,"brain"
"368","Scan_0086","WT/WT","WT","Label-Informed","15",0.96992851860981,0.914106510250305,0.955126065718013,0.0305227707151309,0.0300714813901898,0.000160880854334156,"spinal cord"
"369","Scan_0093","WT/WT","WT","Label-Informed","All",0.938738771557547,0.92338586862395,0.960167050914821,-0.0456533383013903,0.061261228442453,2.96129973775817e-05,"All"
"370","Scan_0093","WT/WT","WT","Label-Informed","1",0.976671445327773,0.939450921399022,0.968780298623231,0.0161592657229655,0.0233285546722273,2.46264336087957e-05,"lung (left)"
"371","Scan_0093","WT/WT","WT","Label-Informed","2",0.89927482792527,0.868530389363723,0.929640100378006,-0.0675327975604333,0.10072517207473,4.66931369195176e-05,"lung (right)"
"372","Scan_0093","WT/WT","WT","Label-Informed","3",0.922808243101642,0.885092127303183,0.939043895503821,-0.0351874888928381,0.0771917568983584,9.87912725846364e-06,"kidney (left)"
"373","Scan_0093","WT/WT","WT","Label-Informed","4",0.934210526315789,0.899263622974963,0.94696029776675,-0.0272952853598015,0.0657894736842105,1.02843468030744e-05,"kidney (right)"
"374","Scan_0093","WT/WT","WT","Label-Informed","5",0.981648936170213,0.954980595084088,0.976971942826892,0.00952885124404447,0.0183510638297872,1.70114702673523e-05,"stomach"
"375","Scan_0093","WT/WT","WT","Label-Informed","6",0.883055142715598,0.874672077002925,0.933146748951721,-0.113450686855365,0.116944857284402,8.21414387391436e-05,"liver"
"376","Scan_0093","WT/WT","WT","Label-Informed","7",0.977386934673367,0.926190476190476,0.96168108776267,0.0321384425216316,0.0226130653266332,1.78112643941328e-06,"adrenal (left)"
"377","Scan_0093","WT/WT","WT","Label-Informed","8",0.965686274509804,0.938095238095238,0.968058968058968,-0.00491400491400491,0.0343137254901961,9.71524298956162e-07,"adrenal (right)"
"378","Scan_0093","WT/WT","WT","Label-Informed","9",0.944715447154472,0.881638846737481,0.937096774193548,0.0161290322580645,0.0552845528455285,3.56231546295083e-06,"rectum"
"379","Scan_0093","WT/WT","WT","Label-Informed","10",0.967136150234742,0.915103652517275,0.955670103092783,0.0237113402061856,0.0328638497652582,8.82575728438736e-06,"bladder"
"380","Scan_0093","WT/WT","WT","Label-Informed","11",0.973798076923077,0.955649917433357,0.977322074788902,-0.00723763570566948,0.0262019230769231,1.27999357086774e-05,"heart"
"381","Scan_0093","WT/WT","WT","Label-Informed","12",0.961883408071749,0.920600858369099,0.958659217877095,0.00670391061452514,0.0381165919282511,1.61921214642276e-06,"thymus (left)"
"382","Scan_0093","WT/WT","WT","Label-Informed","13",0.924311926605505,0.901565995525727,0.948235294117647,-0.0517647058823529,0.0756880733944954,8.90565959524911e-07,"thymus (right)"
"383","Scan_0093","WT/WT","WT","Label-Informed","14",0.972268962653788,0.960452465244798,0.979827343199436,-0.0155479210711769,0.0277310373462118,0.000138274324963002,"brain"
"384","Scan_0093","WT/WT","WT","Label-Informed","15",0.964403392210879,0.93739007166671,0.967683364724055,-0.00680207585263072,0.0355966077891212,8.66415603730898e-05,"spinal cord"
"385","Scan_0095","WT/WT","WT","Label-Informed","All",0.974954118181041,0.930954235393138,0.964242671658759,0.0219732320168369,0.0250458818189592,7.76849399197001e-05,"All"
"386","Scan_0095","WT/WT","WT","Label-Informed","1",0.992403314917127,0.930097087378641,0.963782696177062,0.0576794097920858,0.00759668508287293,3.14263174349645e-05,"lung (left)"
"387","Scan_0095","WT/WT","WT","Label-Informed","2",0.977546172120469,0.922743055555556,0.959819413092551,0.036267870579383,0.022453827879531,6.28085571674978e-05,"lung (right)"
"388","Scan_0095","WT/WT","WT","Label-Informed","3",0.968798151001541,0.928044280442804,0.962679425837321,0.0126315789473684,0.0312018489984592,9.23111605164761e-06,"kidney (left)"
"389","Scan_0095","WT/WT","WT","Label-Informed","4",0.968243010010356,0.909828089523192,0.952785326086957,0.031929347826087,0.0317569899896445,1.50616617142681e-05,"kidney (right)"
"390","Scan_0095","WT/WT","WT","Label-Informed","5",0.966101694915254,0.899708596406022,0.94720695385402,0.0391154288636073,0.0338983050847458,4.5850519852546e-05,"stomach"
"391","Scan_0095","WT/WT","WT","Label-Informed","6",0.979381562782504,0.951953406633021,0.975385378972823,0.00816062699470771,0.0206184372174961,0.000202676536889005,"liver"
"392","Scan_0095","WT/WT","WT","Label-Informed","7",0.903307888040712,0.810502283105023,0.895334174022699,0.0176544766708701,0.0966921119592875,3.64321169674975e-06,"adrenal (left)"
"393","Scan_0095","WT/WT","WT","Label-Informed","8",0.93048128342246,0.846715328467153,0.91699604743083,0.0289855072463768,0.0695187165775401,2.99552500947638e-06,"adrenal (right)"
"394","Scan_0095","WT/WT","WT","Label-Informed","9",0.753676470588235,0.621212121212121,0.766355140186916,-0.0336448598130841,0.246323529411765,9.39150496276268e-06,"rectum"
"395","Scan_0095","WT/WT","WT","Label-Informed","10",0.971631205673759,0.829465186680121,0.906784335355764,0.133480419194705,0.0283687943262411,2.34809448084441e-05,"bladder"
"396","Scan_0095","WT/WT","WT","Label-Informed","11",0.987442572741195,0.937345544410525,0.967659638328206,0.0400690327905755,0.0125574272588055,2.8269176343122e-05,"heart"
"397","Scan_0095","WT/WT","WT","Label-Informed","12",0.961439588688946,0.842342342342342,0.914425427872861,0.097799511002445,0.038560411311054,4.45281285402392e-06,"thymus (left)"
"398","Scan_0095","WT/WT","WT","Label-Informed","13",0.933774834437086,0.865030674846626,0.927631578947368,0.0131578947368421,0.0662251655629139,2.91458351532613e-06,"thymus (right)"
"399","Scan_0095","WT/WT","WT","Label-Informed","14",0.97654360680487,0.941413488036762,0.969822754233317,0.0137645723646536,0.0234563931951298,0.000437298274772714,"brain"
"400","Scan_0095","WT/WT","WT","Label-Informed","15",0.958615779861949,0.862794261039142,0.926344126224482,0.0673296941598744,0.0413842201380506,0.000291237903135799,"spinal cord"
"401","Scan_0113","WT/WT","WT","Label-Informed","All",0.970678380671891,0.950246940929645,0.974488841373781,-0.00785112922624616,0.0293216193281086,3.49278199383036e-05,"All"
"402","Scan_0113","WT/WT","WT","Label-Informed","1",0.972416141665248,0.935003274394237,0.966410017768001,0.0123529909467806,0.0275838583347523,1.90341057967438e-05,"lung (left)"
"403","Scan_0113","WT/WT","WT","Label-Informed","2",0.959092312442112,0.932113119795964,0.964863920487634,-0.0120355631478821,0.0409076875578882,3.03910082812661e-05,"lung (right)"
"404","Scan_0113","WT/WT","WT","Label-Informed","3",0.942758620689655,0.905897945659377,0.950625869262865,-0.0166898470097357,0.0572413793103448,4.77706413297662e-06,"kidney (left)"
"405","Scan_0113","WT/WT","WT","Label-Informed","4",0.981240428790199,0.921279654924515,0.959027128157156,0.0452759588400374,0.0187595712098009,1.37657172100616e-05,"kidney (right)"
"406","Scan_0113","WT/WT","WT","Label-Informed","5",0.975200688073395,0.936278557665841,0.967090766934395,0.0166323121757054,0.0247993119266055,2.34909951725195e-05,"stomach"
"407","Scan_0113","WT/WT","WT","Label-Informed","6",0.971882016131906,0.951624347178765,0.97521262076323,-0.00685392789667853,0.0281179838680937,0.000146071662659885,"liver"
"408","Scan_0113","WT/WT","WT","Label-Informed","7",0.912921348314607,0.873655913978495,0.932568149210904,-0.0430416068866571,0.0870786516853933,1.29536027855427e-06,"adrenal (left)"
"409","Scan_0113","WT/WT","WT","Label-Informed","8",0.978260869565217,0.885245901639344,0.939130434782609,0.08,0.0217391304347826,2.34782529848146e-06,"adrenal (right)"
"410","Scan_0113","WT/WT","WT","Label-Informed","9",0.921174652241113,0.865021770682148,0.927626459143969,-0.0140077821011673,0.0788253477588872,3.40040084248979e-06,"rectum"
"411","Scan_0113","WT/WT","WT","Label-Informed","10",0.951388888888889,0.903602232369356,0.949360341151386,0.00426439232409382,0.0486111111111111,8.01602557355068e-06,"bladder"
"412","Scan_0113","WT/WT","WT","Label-Informed","11",0.970458741656015,0.949159605500764,0.973916761687571,-0.00712656784492588,0.0295412583439852,1.27986095849759e-05,"heart"
"413","Scan_0113","WT/WT","WT","Label-Informed","12",0.977011494252874,0.883116883116883,0.937931034482759,0.08,0.0229885057471264,2.99551870401879e-06,"thymus (left)"
"414","Scan_0113","WT/WT","WT","Label-Informed","13",0.953703703703704,0.911504424778761,0.953703703703704,0,0.0462962962962963,1.21439711498106e-06,"thymus (right)"
"415","Scan_0113","WT/WT","WT","Label-Informed","14",0.980760541105369,0.968209824913572,0.983848177829402,-0.00629641302769643,0.0192394588946313,0.000150362442279167,"brain"
"416","Scan_0113","WT/WT","WT","Label-Informed","15",0.931893834506731,0.897319529144802,0.945881297652863,-0.0300194348931081,0.0681061654932689,0.000106184474417294,"spinal cord"
"417","Scan_0195","WT/WT","WT","Label-Informed","All",0.972100969299484,0.946870020166124,0.972710052913885,-0.00125312829353625,0.0278990307005161,3.97933689588307e-05,"All"
"418","Scan_0195","WT/WT","WT","Label-Informed","1",0.973897819512971,0.946920458062519,0.972736666401717,0.00238454812812972,0.0261021804870285,1.44988003660178e-05,"lung (left)"
"419","Scan_0195","WT/WT","WT","Label-Informed","2",0.97644247183339,0.933420365535248,0.965563808237677,0.0222822417285618,0.0235575281666098,5.47113038498035e-05,"lung (right)"
"420","Scan_0195","WT/WT","WT","Label-Informed","3",0.977377165075999,0.948216735253772,0.973420172504841,0.00809716599190283,0.0226228349240014,7.04493200952313e-06,"kidney (left)"
"421","Scan_0195","WT/WT","WT","Label-Informed","4",0.972693972693973,0.919710327455919,0.958176152206003,0.0298507462686567,0.0273060273060273,1.40090851751569e-05,"kidney (right)"
"422","Scan_0195","WT/WT","WT","Label-Informed","5",0.988462607728663,0.940484062954636,0.96932933478735,0.0387131952017448,0.0115373922713372,2.97287843810961e-05,"stomach"
"423","Scan_0195","WT/WT","WT","Label-Informed","6",0.963322664900857,0.942157086146724,0.970217180543291,-0.014314031826799,0.0366773350991428,0.00014930015957677,"liver"
"424","Scan_0195","WT/WT","WT","Label-Informed","7",0.944,0.910025706940874,0.952893674293405,-0.018842530282638,0.056,1.13344198724117e-06,"adrenal (left)"
"425","Scan_0195","WT/WT","WT","Label-Informed","8",0.954682779456193,0.897727272727273,0.946107784431138,0.0179640718562874,0.0453172205438066,1.70015692448413e-06,"adrenal (right)"
"426","Scan_0195","WT/WT","WT","Label-Informed","9",0.951566951566952,0.893048128342246,0.943502824858757,0.0169491525423729,0.0484330484330484,3.72426512557655e-06,"rectum"
"427","Scan_0195","WT/WT","WT","Label-Informed","10",0.976128697457187,0.886845827439887,0.940029985007496,0.0739630184907546,0.0238713025428127,1.57082412802055e-05,"bladder"
"428","Scan_0195","WT/WT","WT","Label-Informed","11",0.984580790234501,0.916978309648467,0.956691377292236,0.0566523605150215,0.0154192097654995,3.71783164394739e-05,"heart"
"429","Scan_0195","WT/WT","WT","Label-Informed","12",0.97841726618705,0.912751677852349,0.954385964912281,0.0491228070175439,0.0215827338129496,2.42881251712819e-06,"thymus (left)"
"430","Scan_0195","WT/WT","WT","Label-Informed","13",0.985507246376812,0.931506849315068,0.964539007092199,0.0425531914893617,0.0144927536231884,1.94304954177225e-06,"thymus (right)"
"431","Scan_0195","WT/WT","WT","Label-Informed","14",0.97900387810722,0.965183862326488,0.982283521485722,-0.00669995993242211,0.0209961218927798,0.000142183415625017,"brain"
"432","Scan_0195","WT/WT","WT","Label-Informed","15",0.958460049764999,0.910565368704445,0.953189441847677,0.0109980753368161,0.0415399502350014,0.000123506921418762,"spinal cord"
"433","Scan_0082","MUT/MUT","KO","Label-Informed","All",0.914575831864961,0.891078054196614,0.942402194578024,-0.0608508594772747,0.0854241681350392,4.46616083840516e-05,"All"
"434","Scan_0082","MUT/MUT","KO","Label-Informed","1",0.962868117797695,0.817539409313281,0.899611205263683,0.131392682683681,0.0371318822023047,6.74633442413921e-05,"lung (left)"
"435","Scan_0082","MUT/MUT","KO","Label-Informed","2",0.801280409731114,0.76889052709178,0.869347780787664,-0.169896506216573,0.198719590268886,2.66519295267897e-05,"lung (right)"
"436","Scan_0082","MUT/MUT","KO","Label-Informed","3",0.867419270149646,0.852865255549819,0.92059069378657,-0.122596823627751,0.132580729850354,5.26387267323668e-06,"kidney (left)"
"437","Scan_0082","MUT/MUT","KO","Label-Informed","4",0.942449986297616,0.84330554193232,0.914992683251297,0.0582679260343222,0.0575500137023842,3.47411094949882e-05,"kidney (right)"
"438","Scan_0082","MUT/MUT","KO","Label-Informed","5",0.938109161793372,0.87589580252531,0.933842702079922,0.00909587047480444,0.0618908382066277,4.72297139872216e-05,"stomach"
"439","Scan_0082","MUT/MUT","KO","Label-Informed","6",0.933038528818917,0.915072978715993,0.955653376018626,-0.0484756984866123,0.0669614711810828,0.000180644412789232,"liver"
"440","Scan_0082","MUT/MUT","KO","Label-Informed","7",0.827715355805243,0.783687943262411,0.878727634194831,-0.123260437375746,0.172284644194757,1.21439151091758e-06,"adrenal (left)"
"441","Scan_0082","MUT/MUT","KO","Label-Informed","8",0.855855855855856,0.722433460076046,0.838852097130243,0.0397350993377483,0.144144144144144,3.31932470362883e-06,"adrenal (right)"
"442","Scan_0082","MUT/MUT","KO","Label-Informed","9",0.305958132045089,0.251322751322751,0.40169133192389,-0.625792811839323,0.694041867954911,1.09298368434437e-05,"rectum"
"443","Scan_0082","MUT/MUT","KO","Label-Informed","10",0.860894941634241,0.740585774058577,0.850961538461538,0.0230769230769231,0.139105058365759,1.35210585223799e-05,"bladder"
"444","Scan_0082","MUT/MUT","KO","Label-Informed","11",0.942622950819672,0.921278508951198,0.959026507254393,-0.0348040675658427,0.0573770491803279,2.24470056180722e-05,"heart"
"445","Scan_0082","MUT/MUT","KO","Label-Informed","12",0.97423887587822,0.801541425818882,0.889839572192513,0.173262032085561,0.0257611241217799,7.44836441608669e-06,"thymus (left)"
"446","Scan_0082","MUT/MUT","KO","Label-Informed","13",0.926208651399491,0.747433264887064,0.855464159811986,0.152761457109283,0.0737913486005089,7.61026443321058e-06,"thymus (right)"
"447","Scan_0082","MUT/MUT","KO","Label-Informed","14",0.931042545066284,0.921640178984725,0.95922242786541,-0.0605340388545184,0.0689574549337157,0.000107085992178714,"brain"
"448","Scan_0082","MUT/MUT","KO","Label-Informed","15",0.793460434604346,0.750363501243982,0.85738019641143,-0.161116443919368,0.206539565395654,0.000136413093579545,"spinal cord"
"449","Scan_0105","MUT/MUT","KO","Label-Informed","All",0.934723468894566,0.88713556445324,0.940192725062939,-0.0117024047226322,0.065276531105434,8.39926760202802e-05,"All"
"450","Scan_0105","MUT/MUT","KO","Label-Informed","1",0.953534683040159,0.902040816326531,0.948497854077253,0.010564542753384,0.0464653169598407,1.39281190828269e-05,"lung (left)"
"451","Scan_0105","MUT/MUT","KO","Label-Informed","2",0.8,0.770149253731343,0.870151770657673,-0.175379426644182,0.2,1.61983035192758e-05,"lung (right)"
"452","Scan_0105","MUT/MUT","KO","Label-Informed","3",0.897830018083183,0.880839739798936,0.936645181575224,-0.0864643923911335,0.102169981916817,5.18268394033629e-06,"kidney (left)"
"453","Scan_0105","MUT/MUT","KO","Label-Informed","4",0.952281435040056,0.892297650130548,0.943083822007589,0.0193170058640911,0.0477185649599443,1.56284655413794e-05,"kidney (right)"
"454","Scan_0105","MUT/MUT","KO","Label-Informed","5",0.928200129954516,0.821331033491447,0.901901980901271,0.0566648251913819,0.0717998700454841,6.48794392602092e-05,"stomach"
"455","Scan_0105","MUT/MUT","KO","Label-Informed","6",0.922461498160862,0.906356236661769,0.950878140434964,-0.0616104679290287,0.0775385018391382,0.000132784003409972,"liver"
"456","Scan_0105","MUT/MUT","KO","Label-Informed","7",0.838461538461538,0.801470588235294,0.889795918367347,-0.122448979591837,0.161538461538462,9.71512658162261e-07,"adrenal (left)"
"457","Scan_0105","MUT/MUT","KO","Label-Informed","8",0.792207792207792,0.740890688259109,0.851162790697674,-0.148837209302326,0.207792207792208,1.2953471696381e-06,"adrenal (right)"
"458","Scan_0105","MUT/MUT","KO","Label-Informed","9",0.325675675675676,0.234664070107108,0.3801261829653,-0.334384858044164,0.674324324324324,2.32362473800524e-05,"rectum"
"459","Scan_0105","MUT/MUT","KO","Label-Informed","10",0.906754772393539,0.785123966942149,0.87962962962963,0.0598290598290598,0.0932452276064611,1.70839550894398e-05,"bladder"
"460","Scan_0105","MUT/MUT","KO","Label-Informed","11",0.90160712221066,0.862515208494636,0.926183265039492,-0.0545163014430786,0.0983928777893398,3.17576489553232e-05,"heart"
"461","Scan_0105","MUT/MUT","KO","Label-Informed","12",0,0,0,1.01449275362319,1,2.52590060095385e-05,"thymus (left)"
"462","Scan_0105","MUT/MUT","KO","Label-Informed","13",0.908854166666667,0.836930455635492,0.911227154046997,-0.00522193211488251,0.0911458333333333,2.67168663091248e-06,"thymus (right)"
"463","Scan_0105","MUT/MUT","KO","Label-Informed","14",0.967402374439853,0.919622975533519,0.958128744294623,0.0191722294471323,0.0325976255601467,0.000584706845900355,"brain"
"464","Scan_0105","MUT/MUT","KO","Label-Informed","15",0.875436800677703,0.765352095290995,0.867081527059153,0.0190882394070759,0.124563199322297,0.000330660970588538,"spinal cord"
"465","Scan_0110","MUT/MUT","KO","Label-Informed","All",0.952020475499433,0.903238290949568,0.949159435520733,0.00601045891833334,0.0479795245005668,8.08680995082046e-05,"All"
"466","Scan_0110","MUT/MUT","KO","Label-Informed","1",0.937449556093624,0.845034558021099,0.916009463722397,0.0457413249211356,0.0625504439063761,2.19439346235935e-05,"lung (left)"
"467","Scan_0110","MUT/MUT","KO","Label-Informed","2",0.818965517241379,0.757374435290991,0.861938605776501,-0.10494480568577,0.181034482758621,2.29174811955183e-05,"lung (right)"
"468","Scan_0110","MUT/MUT","KO","Label-Informed","3",0.9241862381541,0.895766773162939,0.945017906045924,-0.0450811038550664,0.0758137618459003,6.23496674616924e-06,"kidney (left)"
"469","Scan_0110","MUT/MUT","KO","Label-Informed","4",0.873603082851638,0.821079319087287,0.901750198886237,-0.0644391408114559,0.126396917148362,1.34417994779885e-05,"kidney (right)"
"470","Scan_0110","MUT/MUT","KO","Label-Informed","5",0.951428571428571,0.838227890585669,0.911995618039072,0.0828920942121599,0.0485714285714286,5.7423404548614e-05,"stomach"
"471","Scan_0110","MUT/MUT","KO","Label-Informed","6",0.946952339904272,0.918551687717291,0.957546980462321,-0.0223762909950052,0.0530476600957285,0.000222277198093993,"liver"
"472","Scan_0110","MUT/MUT","KO","Label-Informed","7",0.813471502590674,0.720183486238532,0.837333333333333,-0.0586666666666667,0.186528497409326,2.02397372590652e-06,"adrenal (left)"
"473","Scan_0110","MUT/MUT","KO","Label-Informed","8",0.781094527363184,0.723502304147465,0.839572192513369,-0.149732620320856,0.218905472636816,1.2953440235377e-06,"adrenal (right)"
"474","Scan_0110","MUT/MUT","KO","Label-Informed","9",0.485021398002853,0.34587995930824,0.513983371126228,-0.119425547996977,0.514978601997147,2.28313626170117e-05,"rectum"
"475","Scan_0110","MUT/MUT","KO","Label-Informed","10",0.899416909620991,0.735399284862932,0.847527472527473,0.115384615384615,0.100583090379009,1.2387213610455e-05,"bladder"
"476","Scan_0110","MUT/MUT","KO","Label-Informed","11",0.969886528949665,0.915042547351084,0.955636780620655,0.0293843617859958,0.0301134710503346,3.33731380907552e-05,"heart"
"477","Scan_0110","MUT/MUT","KO","Label-Informed","12",1,0.826388888888889,0.904942965779468,0.190114068441065,0,4.04796219915747e-06,"thymus (left)"
"478","Scan_0110","MUT/MUT","KO","Label-Informed","13",0.941666666666667,0.787456445993031,0.881091617933723,0.128654970760234,0.0583333333333333,3.80508508332165e-06,"thymus (right)"
"479","Scan_0110","MUT/MUT","KO","Label-Informed","14",0.971038008127163,0.925451771161912,0.961282733769487,0.0200924665688222,0.0289619918728372,0.000561785516660081,"brain"
"480","Scan_0110","MUT/MUT","KO","Label-Informed","15",0.90507872226125,0.808729045122221,0.894251184060101,0.0239261799771354,0.0949212777387495,0.000233859155464262,"spinal cord"
"481","Scan_0125","MUT/MUT","KO","Label-Informed","All",0.950098000658667,0.909039736416227,0.952352870477945,-0.00474660470333721,0.0499019993413333,7.63694600940296e-05,"All"
"482","Scan_0125","MUT/MUT","KO","Label-Informed","1",0.977822078245701,0.902691511387164,0.94885745375408,0.0592431386773063,0.0221779217542985,2.70486541310462e-05,"lung (left)"
"483","Scan_0125","MUT/MUT","KO","Label-Informed","2",0.865961199294533,0.808281625933899,0.893977591036415,-0.0647058823529412,0.134038800705467,4.26091683751512e-05,"lung (right)"
"484","Scan_0125","MUT/MUT","KO","Label-Informed","3",0.931233747471829,0.894780677401444,0.944468864468864,-0.0284249084249084,0.068766252528171,1.14182327798676e-05,"kidney (left)"
"485","Scan_0125","MUT/MUT","KO","Label-Informed","4",0.974038160775727,0.915613054983828,0.955947812739831,0.037145049884881,0.0259618392242728,1.65196431919028e-05,"kidney (right)"
"486","Scan_0125","MUT/MUT","KO","Label-Informed","5",0.933682596473294,0.883661869633571,0.938238315356959,-0.00975860297894196,0.0663174035267059,3.58869911358322e-05,"stomach"
"487","Scan_0125","MUT/MUT","KO","Label-Informed","6",0.960776059645086,0.942992241656338,0.970659811644402,-0.0205745176518398,0.0392239403549145,0.000164635495298456,"liver"
"488","Scan_0125","MUT/MUT","KO","Label-Informed","7",0.888888888888889,0.825,0.904109589041096,-0.0342465753424658,0.111111111111111,1.86207150597462e-06,"adrenal (left)"
"489","Scan_0125","MUT/MUT","KO","Label-Informed","8",0.9140625,0.818181818181818,0.9,0.0307692307692308,0.0859375,2.4287808588752e-06,"adrenal (right)"
"490","Scan_0125","MUT/MUT","KO","Label-Informed","9",0.316427783902977,0.205587392550143,0.341057635175282,-0.155674390968509,0.683572216097023,3.95912146366049e-05,"rectum"
"491","Scan_0125","MUT/MUT","KO","Label-Informed","10",0.918281381634372,0.807407407407407,0.89344262295082,0.0540983606557377,0.0817186183656276,1.3197370727503e-05,"bladder"
"492","Scan_0125","MUT/MUT","KO","Label-Informed","11",0.982453657846328,0.911035297205091,0.953446855259544,0.0590497116176874,0.017546342153672,4.48762319193945e-05,"heart"
"493","Scan_0125","MUT/MUT","KO","Label-Informed","12",0.952038369304556,0.866812227074236,0.928654970760234,0.0491228070175439,0.0479616306954436,3.31937710674186e-06,"thymus (left)"
"494","Scan_0125","MUT/MUT","KO","Label-Informed","13",0.935211267605634,0.817733990147783,0.899728997289973,0.0758807588075881,0.0647887323943662,4.12896055361103e-06,"thymus (right)"
"495","Scan_0125","MUT/MUT","KO","Label-Informed","14",0.965160102419517,0.926849146653958,0.962036024733399,0.00647369836006811,0.0348398975804828,0.000470560454122362,"brain"
"496","Scan_0125","MUT/MUT","KO","Label-Informed","15",0.878085609243697,0.79076504670687,0.883158902571891,-0.0115553501271089,0.121914390756303,0.000273014984659544,"spinal cord"
"497","Scan_0162","MUT/MUT","KO","Label-Informed","All",0.949478616581457,0.898948424111027,0.946785507912739,0.00567281584163337,0.050521383418543,9.75448841495548e-05,"All"
"498","Scan_0162","MUT/MUT","KO","Label-Informed","1",0.990630630630631,0.819985085756898,0.901089895927231,0.180775219208391,0.00936936936936937,9.35481577006495e-05,"lung (left)"
"499","Scan_0162","MUT/MUT","KO","Label-Informed","2",0.777495052304213,0.727898358920063,0.842524509803921,-0.167279411764706,0.222504947695787,3.90439639894766e-05,"lung (right)"
"500","Scan_0162","MUT/MUT","KO","Label-Informed","3",0.934897630549804,0.904518139327843,0.949865607105294,-0.0320205679560594,0.0651023694501955,1.18239830058589e-05,"kidney (left)"
"501","Scan_0162","MUT/MUT","KO","Label-Informed","4",0.974662162162162,0.844555035128806,0.915727662275829,0.120933185208697,0.0253378378378378,3.69255525795576e-05,"kidney (right)"
"502","Scan_0162","MUT/MUT","KO","Label-Informed","5",0.972907539774037,0.870358910891089,0.930686517783292,0.0867934932451061,0.0270924602259626,8.27968953270631e-05,"stomach"
"503","Scan_0162","MUT/MUT","KO","Label-Informed","6",0.938816037251344,0.926586128241953,0.961894321420741,-0.0491646568734927,0.0611839627486561,0.000126028744361399,"liver"
"504","Scan_0162","MUT/MUT","KO","Label-Informed","7",0.697368421052632,0.664576802507837,0.7984934086629,-0.290018832391714,0.302631578947368,1.21439514863711e-06,"adrenal (left)"
"505","Scan_0162","MUT/MUT","KO","Label-Informed","8",0.825688073394495,0.725806451612903,0.841121495327103,-0.0373831775700935,0.174311926605505,2.42877338686134e-06,"adrenal (right)"
"506","Scan_0162","MUT/MUT","KO","Label-Informed","9",0.293427230046948,0.171939477303989,0.293427230046948,0,0.706572769953052,4.87398876877538e-05,"rectum"
"507","Scan_0162","MUT/MUT","KO","Label-Informed","10",0.889772727272727,0.700671140939597,0.823993685872139,0.147855827413838,0.110227272727273,3.84603799788379e-05,"bladder"
"508","Scan_0162","MUT/MUT","KO","Label-Informed","11",0.970240662468731,0.941176470588235,0.96969696969697,0.00112073796284323,0.0297593375312689,2.901007808492e-05,"heart"
"509","Scan_0162","MUT/MUT","KO","Label-Informed","12",0,0,0,1.31059245960503,1,3.73217824170849e-05,"thymus (left)"
"510","Scan_0162","MUT/MUT","KO","Label-Informed","13",0.948763250883392,0.860576923076923,0.925064599483204,0.0499569336778639,0.0512367491166078,4.695760845224e-06,"thymus (right)"
"511","Scan_0162","MUT/MUT","KO","Label-Informed","14",0.983337865192302,0.935851172419742,0.966862727623801,0.0335085999465288,0.0166621348076981,0.000549766377931569,"brain"
"512","Scan_0162","MUT/MUT","KO","Label-Informed","15",0.883012069897316,0.759302289556031,0.863185700449062,0.0449062252355376,0.116987930102684,0.000366915098426476,"spinal cord"
"513","Scan_0166","MUT/MUT","KO","Label-Informed","All",0.892870581245668,0.828168626010287,0.906009012765573,-0.0294296436591627,0.107129418754332,0.000170707150585018,"All"
"514","Scan_0166","MUT/MUT","KO","Label-Informed","1",0.790414066931367,0.745585874799358,0.854252873563218,-0.161532567049808,0.209585933068633,3.43456664517362e-05,"lung (left)"
"515","Scan_0166","MUT/MUT","KO","Label-Informed","2",0.745389344262295,0.71590238142098,0.834432528531284,-0.238917244938923,0.254610655737705,3.25707246548718e-05,"lung (right)"
"516","Scan_0166","MUT/MUT","KO","Label-Informed","3",0.951872362869198,0.923027745812556,0.959973404255319,-0.0170212765957447,0.0481276371308017,1.91987588366945e-05,"kidney (left)"
"517","Scan_0166","MUT/MUT","KO","Label-Informed","4",0.942513368983957,0.906687625035725,0.951060481151165,-0.0181368507831822,0.0574866310160428,2.15464869506051e-05,"kidney (right)"
"518","Scan_0166","MUT/MUT","KO","Label-Informed","5",0.917002066789949,0.548685238219214,0.708581995461041,0.454568378582836,0.0829979332100511,0.000499961962057821,"stomach"
"519","Scan_0166","MUT/MUT","KO","Label-Informed","6",0.887040598385281,0.859755364290745,0.924589739918433,-0.0846616076006078,0.112959401614719,0.000292582211638824,"liver"
"520","Scan_0166","MUT/MUT","KO","Label-Informed","7",0.847058823529412,0.710526315789474,0.830769230769231,0.0384615384615385,0.152941176470588,3.96700841499636e-06,"adrenal (left)"
"521","Scan_0166","MUT/MUT","KO","Label-Informed","8",0.802752293577982,0.688976377952756,0.815850815850816,-0.0326340326340326,0.197247706422018,2.91452806423361e-06,"adrenal (right)"
"522","Scan_0166","MUT/MUT","KO","Label-Informed","9",0.511978097193703,0.375879396984925,0.546384222059898,-0.134404674945215,0.488021902806297,4.28316809669693e-05,"rectum"
"523","Scan_0166","MUT/MUT","KO","Label-Informed","10",0.943250688705234,0.837573385518591,0.91160809371672,0.0670926517571885,0.0567493112947658,1.85420341842238e-05,"bladder"
"524","Scan_0166","MUT/MUT","KO","Label-Informed","11",0.940649982620786,0.904381970842558,0.949790519642896,-0.0194345127113997,0.0593500173792145,7.48634370866492e-05,"heart"
"525","Scan_0166","MUT/MUT","KO","Label-Informed","12",0.947969543147208,0.750753768844221,0.857634902411022,0.190585533869116,0.0520304568527919,1.67593097560881e-05,"thymus (left)"
"526","Scan_0166","MUT/MUT","KO","Label-Informed","13",0.966542750929368,0.844155844155844,0.915492957746479,0.105633802816901,0.033457249070632,9.47266791214708e-06,"thymus (right)"
"527","Scan_0166","MUT/MUT","KO","Label-Informed","14",0.903555190772919,0.841084901155573,0.913683992115365,-0.0224198841329904,0.0964448092270808,0.00113052273299987,"brain"
"528","Scan_0166","MUT/MUT","KO","Label-Informed","15",0.869550042955326,0.773339382073444,0.872184298043651,-0.00605889243446298,0.130449957044674,0.000376292622813175,"spinal cord"
"529","Scan_0170","MUT/MUT","KO","Label-Informed","All",0.938957209636821,0.880636545137328,0.936530290676683,0.0051693920345455,0.0610427903631787,0.000149438917072544,"All"
"530","Scan_0170","MUT/MUT","KO","Label-Informed","1",0.973460913522296,0.882487725040917,0.937576073726309,0.0737263084680925,0.0265390864777036,4.62475761531947e-05,"lung (left)"
"531","Scan_0170","MUT/MUT","KO","Label-Informed","2",0.805511132980686,0.761041376104138,0.864308342133052,-0.145987328405491,0.194488867019314,3.84802239597641e-05,"lung (right)"
"532","Scan_0170","MUT/MUT","KO","Label-Informed","3",0.887893311106481,0.865880918512497,0.928120235242867,-0.0906120670877804,0.112106688893519,9.88067625615993e-06,"kidney (left)"
"533","Scan_0170","MUT/MUT","KO","Label-Informed","4",0.956424857638029,0.863819320214669,0.926934613077385,0.0616676664667067,0.0435751423619708,3.50661434117803e-05,"kidney (right)"
"534","Scan_0170","MUT/MUT","KO","Label-Informed","5",0.972009644616836,0.827635454788896,0.905689865689866,0.136459096459096,0.0279903553831639,0.00013481769997601,"stomach"
"535","Scan_0170","MUT/MUT","KO","Label-Informed","6",0.935252856884942,0.913423673469388,0.954753185229681,-0.0417006549644531,0.0647471431150577,0.000292888856873804,"liver"
"536","Scan_0170","MUT/MUT","KO","Label-Informed","7",0.804281345565749,0.712737127371274,0.832278481012658,-0.069620253164557,0.195718654434251,3.40031274781297e-06,"adrenal (left)"
"537","Scan_0170","MUT/MUT","KO","Label-Informed","8",0.93015873015873,0.823033707865168,0.902927580893683,0.0585516178736518,0.0698412698412698,3.31934969567635e-06,"adrenal (right)"
"538","Scan_0170","MUT/MUT","KO","Label-Informed","9",0.352059925093633,0.223277909738717,0.36504854368932,-0.0737864077669903,0.647940074906367,3.740487563648e-05,"rectum"
"539","Scan_0170","MUT/MUT","KO","Label-Informed","10",0.871876661350346,0.713664055700609,0.832910106653123,0.0893854748603352,0.128123338649654,3.37644959604465e-05,"bladder"
"540","Scan_0170","MUT/MUT","KO","Label-Informed","11",0.96976269456494,0.932066217044758,0.964838791571465,0.0101548616400102,0.03023730543506,5.13923934069882e-05,"heart"
"541","Scan_0170","MUT/MUT","KO","Label-Informed","12",0.983024691358025,0.816666666666667,0.899082568807339,0.170783345095272,0.0169753086419753,1.06869749416345e-05,"thymus (left)"
"542","Scan_0170","MUT/MUT","KO","Label-Informed","13",0.964646464646465,0.899529042386185,0.947107438016529,0.0363636363636364,0.0353535353535354,3.48134782891005e-06,"thymus (right)"
"543","Scan_0170","MUT/MUT","KO","Label-Informed","14",0.955601833463937,0.88657062757381,0.939875363917828,0.0329142724414894,0.0443981665360628,0.0011924393411113,"brain"
"544","Scan_0170","MUT/MUT","KO","Label-Informed","15",0.881095247948134,0.762527233115468,0.865265760197775,0.0359313883197589,0.118904752051866,0.000365897181674727,"spinal cord"
"545","Scan_0176","MUT/MUT","KO","Label-Informed","All",0.912329618237464,0.83596550415384,0.910654914008441,0.00367127011015724,0.0876703817625356,0.000128731164824848,"All"
"546","Scan_0176","MUT/MUT","KO","Label-Informed","1",0.946725860155383,0.871000680735194,0.931053301800982,0.0331089685282882,0.0532741398446171,1.90292198934866e-05,"lung (left)"
"547","Scan_0176","MUT/MUT","KO","Label-Informed","2",0.778145119192622,0.744093178036606,0.853272276283152,-0.193092921198245,0.221854880807378,2.13017818576045e-05,"lung (right)"
"548","Scan_0176","MUT/MUT","KO","Label-Informed","3",0.903544648943422,0.877233620119126,0.934602503084788,-0.0687466948704389,0.0964553510565781,7.12596882809718e-06,"kidney (left)"
"549","Scan_0176","MUT/MUT","KO","Label-Informed","4",0.869230769230769,0.840595111583422,0.913394919168591,-0.10161662817552,0.130769230769231,7.53072901829578e-06,"kidney (right)"
"550","Scan_0176","MUT/MUT","KO","Label-Informed","5",0.949435273675065,0.736288909850425,0.848117966627862,0.213426464881645,0.0505647263249348,0.000134938370989319,"stomach"
"551","Scan_0176","MUT/MUT","KO","Label-Informed","6",0.891122582521448,0.864767930008584,0.927480482790803,-0.0816002219727831,0.108877417478552,0.000204978023747784,"liver"
"552","Scan_0176","MUT/MUT","KO","Label-Informed","7",0.79372197309417,0.759656652360515,0.863414634146341,-0.175609756097561,0.20627802690583,8.09591456672811e-07,"adrenal (left)"
"553","Scan_0176","MUT/MUT","KO","Label-Informed","8",0.8125,0.680232558139535,0.809688581314879,0.0069204152249135,0.1875,2.26684158048081e-06,"adrenal (right)"
"554","Scan_0176","MUT/MUT","KO","Label-Informed","9",0.162866449511401,0.119331742243437,0.213219616204691,-0.618336886993603,0.837133550488599,1.81354227067475e-05,"rectum"
"555","Scan_0176","MUT/MUT","KO","Label-Informed","10",0.823412698412698,0.732568402471315,0.845644421803362,-0.053998981151299,0.176587301587302,1.01205363981448e-05,"bladder"
"556","Scan_0176","MUT/MUT","KO","Label-Informed","11",0.898324892871056,0.871833648393195,0.931528984043627,-0.0739244597051101,0.101675107128944,1.89559162346162e-05,"heart"
"557","Scan_0176","MUT/MUT","KO","Label-Informed","12",0,0,0,1.53142857142857,1,2.50160074112148e-05,"thymus (left)"
"558","Scan_0176","MUT/MUT","KO","Label-Informed","13",0.933852140077821,0.857142857142857,0.923076923076923,0.0230769230769231,0.066147859922179,1.86206547588929e-06,"thymus (right)"
"559","Scan_0176","MUT/MUT","KO","Label-Informed","14",0.946994683947072,0.846373132464938,0.916795329809654,0.0637793530403946,0.0530053160529277,0.00125326457054029,"brain"
"560","Scan_0176","MUT/MUT","KO","Label-Informed","15",0.841657265921444,0.739769244636741,0.850422257914098,-0.0208279363763536,0.158342734078556,0.000217796204053799,"spinal cord"
"561","Scan_0180","MUT/MUT","KO","Label-Informed","All",0.930260525251677,0.886803551359294,0.940006235116975,-0.0209526462765075,0.0697394747483235,0.000100935021847946,"All"
"562","Scan_0180","MUT/MUT","KO","Label-Informed","1",0.915798803456681,0.831087874522421,0.907753129804524,0.0175708324181858,0.0842011965433193,3.72541459207642e-05,"lung (left)"
"563","Scan_0180","MUT/MUT","KO","Label-Informed","2",0.430385194749301,0.421896424427803,0.593427787256138,-0.757658927379275,0.569614805250699,1.51504864602452e-05,"lung (right)"
"564","Scan_0180","MUT/MUT","KO","Label-Informed","3",0.92757584039355,0.909188320385749,0.952434404377719,-0.0535989897572611,0.0724241596064499,5.99264378680668e-06,"kidney (left)"
"565","Scan_0180","MUT/MUT","KO","Label-Informed","4",0.901006711409396,0.851254953764861,0.919651776794634,-0.0413871842443271,0.098993288590604,1.69250558526843e-05,"kidney (right)"
"566","Scan_0180","MUT/MUT","KO","Label-Informed","5",0.8690036900369,0.798982188295165,0.888260254596888,-0.0443187175860443,0.1309963099631,4.61701907752283e-05,"stomach"
"567","Scan_0180","MUT/MUT","KO","Label-Informed","6",0.918892965121949,0.893970469093271,0.944017326227114,-0.0546839774789877,0.0811070348780506,0.000304120546968497,"liver"
"568","Scan_0180","MUT/MUT","KO","Label-Informed","7",0.845394736842105,0.738505747126437,0.849586776859504,-0.00991735537190083,0.154605263157895,3.56222576933552e-06,"adrenal (left)"
"569","Scan_0180","MUT/MUT","KO","Label-Informed","8",0.858757062146893,0.78961038961039,0.882438316400581,-0.0551523947750363,0.141242937853107,2.50976013331846e-06,"adrenal (right)"
"570","Scan_0180","MUT/MUT","KO","Label-Informed","9",0.347599164926931,0.215953307392996,0.3552,-0.0437333333333333,0.652400835073069,4.72829546405872e-05,"rectum"
"571","Scan_0180","MUT/MUT","KO","Label-Informed","10",0.883196721311475,0.740125930165999,0.850657894736842,0.0736842105263158,0.116803278688525,2.29137403742049e-05,"bladder"
"572","Scan_0180","MUT/MUT","KO","Label-Informed","11",0.979362390266441,0.905131307380258,0.950203593709141,0.0595464903433076,0.0206376097335592,8.63106733642669e-05,"heart"
"573","Scan_0180","MUT/MUT","KO","Label-Informed","12",0.87603305785124,0.701986754966887,0.824902723735409,0.116731517509728,0.12396694214876,7.28640569622052e-06,"thymus (left)"
"574","Scan_0180","MUT/MUT","KO","Label-Informed","13",0.920679886685552,0.85978835978836,0.924608819345661,-0.0085348506401138,0.0793201133144476,2.02399994365184e-06,"thymus (right)"
"575","Scan_0180","MUT/MUT","KO","Label-Informed","14",0.980993818605005,0.93885443718098,0.968463046195503,0.0255470975899128,0.0190061813949952,0.000630072649223574,"brain"
"576","Scan_0180","MUT/MUT","KO","Label-Informed","15",0.87216085391585,0.783432744300128,0.878567186572063,-0.0146907135935986,0.12783914608415,0.000296268542352278,"spinal cord"
