"","ScanID","Genotype","Subdirectory","RegType","LabelValue","Mean","Min","Max","Variance","Count","Volume","Mass","x","y","z","t","OrganName","GenotypeRegtype"
"2","Scan_0011","WT/WT","WT","M",1,28662.7444784749,5573.79541015625,61566.29296875,20831146.4404757,5901,1.2746160030365,169138855.16748,4.52567707792903,-7.8808785766821,-9.55422867026903,NA,"lung (left)","WT-M"
"3","Scan_0011","WT/WT","WT","M",2,27053.6217645336,4206.2294921875,44602.52734375,16580332.1162992,11740,2.53584003448486,317609519.515625,6.11706198078546,-7.83278626044894,-9.30761357225909,NA,"lung (right)","WT-M"
"4","Scan_0011","WT/WT","WT","M",3,24062.72439284,7462.91943359375,38366.05078125,18248728.8255994,2379,0.513863980770111,57245221.3305664,4.56011355213681,-4.96161297675489,-8.71380259846989,NA,"kidney (left)","WT-M"
"5","Scan_0011","WT/WT","WT","M",4,25082.6086702557,8303.953125,38043.04296875,21508683.1113692,2364,0.51062399148941,59295286.8964844,5.99288965138081,-4.9361632612877,-8.75219791664095,NA,"kidney (right)","WT-M"
"6","Scan_0011","WT/WT","WT","M",5,19895.4969486131,2013.21606445312,33049.5546875,65384555.7387424,5595,1.2085200548172,111315305.42749,4.15275580725786,-5.66439161963882,-8.50667900699078,NA,"stomach","WT-M"
"7","Scan_0011","WT/WT","WT","M",6,37316.9821930893,7300.34033203125,66417.34375,28209572.8373126,62725,13.5486001968384,2340707708.06152,5.34533638142674,-6.52466350305663,-8.00263253920633,NA,"liver","WT-M"
"8","Scan_0011","WT/WT","WT","M",7,32310.2794173177,10687.1396484375,43385.16015625,29124927.0493525,300,0.064800001680851,9693083.82519531,4.6984003112793,-5.47148813438415,-9.31830045471193,NA,"adrenal (left)","WT-M"
"9","Scan_0011","WT/WT","WT","M",8,32556.4143264358,16029.615234375,42706.24609375,24561672.1886169,222,0.0479520000517368,7227523.98046875,5.88238409506309,-5.45935299924901,-9.36151126552272,NA,"adrenal (right)","WT-M"
"10","Scan_0011","WT/WT","WT","M",9,22484.775704704,11361.5947265625,31116.302734375,12106991.0522349,569,0.122904002666473,12793837.3759766,5.12686041672746,-4.20596440854934,-6.67860906631121,NA,"rectum","WT-M"
"11","Scan_0011","WT/WT","WT","M",10,20279.8578789592,3823.85888671875,55737.36328125,56713273.8118009,2066,0.446256011724472,41898186.3779297,5.22225955619702,-5.34091601434543,-6.82052620495389,NA,"bladder","WT-M"
"12","Scan_0011","WT/WT","WT","M",11,26616.0942243063,2422.35986328125,65765.375,115986633.421345,6656,1.43769598007202,177156723.156982,5.10974213820237,-8.48230964880736,-7.8847809835583,NA,"heart","WT-M"
"13","Scan_0011","WT/WT","WT","M",12,28293.3584356672,18410.4921875,32641.861328125,5298595.18957044,341,0.0736560001969337,9648035.2265625,5.11813110306814,-9.76161423409088,-8.35985001482922,NA,"thymus (left)","WT-M"
"14","Scan_0011","WT/WT","WT","M",13,27765.3287998603,19375.74609375,32593.1875,4440685.62953429,246,0.0531359985470772,6830270.88476562,5.56152714054759,-9.79278081731097,-8.24484679617534,NA,"thymus (right)","WT-M"
"15","Scan_0011","WT/WT","WT","M",14,21624.9434509586,2813.15600585938,63529.4453125,17253326.974323,121423,26.227367401123,2625765508.64575,5.05931516760717,-13.3123396946316,-6.08142379378125,NA,"brain","WT-M"
"16","Scan_0011","WT/WT","WT","M",15,21026.5596280103,9581.2548828125,37036.93359375,6438494.0705879,29298,6.32836818695068,616036143.981445,5.334932484124,-8.67114183088235,-9.70163430685104,NA,"spinal cord","WT-M"
"18","Scan_0035","WT/WT","WT","M",1,28631.8572850347,4285.6298828125,42558.73828125,37651848.4685363,7554,1.63166403770447,216285049.931152,4.42597918340005,-7.90841188339131,-9.61994588759536,NA,"lung (left)","WT-M"
"19","Scan_0035","WT/WT","WT","M",2,27708.7300113986,2298.15649414062,46975.73046875,41595483.2414984,15321,3.30933594703674,424525452.504639,6.11654039351935,-7.93797158846695,-9.31907327632914,NA,"lung (right)","WT-M"
"20","Scan_0035","WT/WT","WT","M",3,27716.3862162008,12041.4072265625,41537.37890625,20339935.0173877,2464,0.532223999500275,68293175.6367188,4.86266686972086,-5.14841670581272,-8.46714525990671,NA,"kidney (left)","WT-M"
"21","Scan_0035","WT/WT","WT","M",4,27899.1372161711,13608.1875,40136.8828125,16592816.5545794,2778,0.600048005580902,77503803.1865234,6.13654847542616,-5.22222031580963,-8.48517129704451,NA,"kidney (right)","WT-M"
"22","Scan_0035","WT/WT","WT","M",5,20075.8301089346,2581.08666992188,40163.59375,81673026.8837142,7734,1.67054402828217,155266470.0625,4.25078805371531,-5.72550442608322,-8.31300456642655,NA,"stomach","WT-M"
"23","Scan_0035","WT/WT","WT","M",6,38416.9962516073,1620.98596191406,62309.9609375,31053209.436504,74299,16.048583984375,2854344404.49817,5.24608197321289,-6.75382231115656,-7.95477184194175,NA,"liver","WT-M"
"24","Scan_0035","WT/WT","WT","M",7,33804.0879052006,16073.599609375,48845.546875,36572653.037731,402,0.0868320018053055,13589243.3378906,4.84785404262257,-5.51105529856325,-9.18995418605523,NA,"adrenal (left)","WT-M"
"25","Scan_0035","WT/WT","WT","M",8,35747.7566231343,21374.21875,47061.51171875,27569153.8142812,335,0.0723600015044212,11975498.46875,6.02564508739872,-5.63248813438416,-9.16347657411488,NA,"adrenal (right)","WT-M"
"26","Scan_0035","WT/WT","WT","M",9,25822.5891886457,13009.1328125,35459.46875,14868842.7744189,641,0.138456001877785,16552279.6699219,5.30012917243371,-4.79671902361975,-6.11843836422829,NA,"rectum","WT-M"
"27","Scan_0035","WT/WT","WT","M",10,24199.9758607756,9590.6904296875,35025.28125,30495410.4230962,2036,0.439776003360748,49271150.8525391,5.32186160793942,-5.80382998114251,-6.62820536630327,NA,"bladder","WT-M"
"28","Scan_0035","WT/WT","WT","M",11,22930.0217071265,2639.58984375,50234.77734375,67807260.7258467,8184,1.76774394512177,187659297.651123,5.07892289192448,-8.58277992324051,-7.94358168638392,NA,"heart","WT-M"
"29","Scan_0035","WT/WT","WT","M",12,29621.2454810419,12924.0537109375,36275.71875,17884480.9986722,518,0.111887998878956,15343805.1591797,5.03153467421366,-9.89927577917178,-8.57031435432585,NA,"thymus (left)","WT-M"
"30","Scan_0035","WT/WT","WT","M",13,30298.3480238971,20426.62890625,37016.54296875,8500899.04650404,425,0.0917999967932701,12876797.9101562,5.55332972304401,-9.91973519320766,-8.45220633706483,NA,"thymus (right)","WT-M"
"31","Scan_0035","WT/WT","WT","M",14,21593.3850506189,2004.00866699219,49511.3828125,17042746.375408,142179,30.7106647491455,3070125893.11194,5.08693909548747,-13.0913946395636,-6.05605018990212,NA,"brain","WT-M"
"32","Scan_0035","WT/WT","WT","M",15,21340.091256362,4611.48828125,48011.84375,9690557.19421881,36496,7.88313579559326,778827970.492188,5.36546188515016,-8.75883436410676,-9.68214773660233,NA,"spinal cord","WT-M"
"34","Scan_0038","WT/WT","WT","M",1,25329.0393307887,5698.20654296875,35333.53515625,17027358.5039912,9453,2.04184794425964,239435408.793945,4.28131056199335,-7.95708096205788,-9.43938341250322,NA,"lung (left)","WT-M"
"35","Scan_0038","WT/WT","WT","M",2,25063.2896956937,3852.2724609375,41446.83203125,22535549.0414644,19041,4.11285591125488,477230099.095703,6.13548702941371,-7.98595024246689,-9.16764074146173,NA,"lung (right)","WT-M"
"36","Scan_0038","WT/WT","WT","M",3,22935.9802020392,5007.37548828125,35255.7734375,15016684.4747185,3191,0.689256012439728,73188712.824707,4.7224862404551,-4.6334195038608,-8.62952840833145,NA,"kidney (left)","WT-M"
"37","Scan_0038","WT/WT","WT","M",4,23607.4089509025,5583.32861328125,36585.0390625,16847259.5947571,3466,0.74865597486496,81823279.4238281,6.26702500833642,-4.68320711880422,-8.57503398038996,NA,"kidney (right)","WT-M"
"38","Scan_0038","WT/WT","WT","M",5,18689.7249498767,1996.71142578125,33553.69140625,55492342.9100096,8143,1.75888800621033,152190430.266846,4.13417933620867,-5.44380533934551,-8.652564632533,NA,"stomach","WT-M"
"39","Scan_0038","WT/WT","WT","M",6,34512.2202404044,4037.1298828125,54934.8359375,26620046.014317,95161,20.5547752380371,3284217390.29712,5.34607375102852,-6.48001592412995,-8.0275752248392,NA,"liver","WT-M"
"40","Scan_0038","WT/WT","WT","M",7,32047.9655463447,20983.15234375,42438.08984375,18965516.3278546,442,0.0954720005393028,14165200.7714844,4.84923379544218,-5.19055148280043,-9.3740941198703,NA,"adrenal (left)","WT-M"
"41","Scan_0038","WT/WT","WT","M",8,33537.9211766443,22455.859375,42985.71484375,17797387.5123209,344,0.07430399954319,11537044.8847656,6.08912356709326,-5.22256952973298,-9.29500278029332,NA,"adrenal (right)","WT-M"
"42","Scan_0038","WT/WT","WT","M",9,22216.0712541354,14023.2255859375,31460.724609375,13223358.3433552,699,0.1509840041399,15529033.8066406,5.34881490355395,-4.12543234039272,-6.38031418861747,NA,"rectum","WT-M"
"43","Scan_0038","WT/WT","WT","M",10,19755.6579536928,2216.01123046875,30575.814453125,25422338.9200052,2676,0.578015983104706,52866140.684082,5.37059582697437,-5.34726840344246,-6.68435516323203,NA,"bladder","WT-M"
"44","Scan_0038","WT/WT","WT","M",11,21988.7857726733,2871.9775390625,45979.34375,42599905.4616159,9027,1.94983196258545,198492769.169922,4.97926498392804,-8.5773960772223,-7.78665924500802,NA,"heart","WT-M"
"45","Scan_0038","WT/WT","WT","M",12,26085.4907716594,14739.333984375,30678.17578125,7326900.2876657,558,0.120527997612953,14555703.8505859,4.96913794568789,-9.95244512363145,-8.45510905686245,NA,"thymus (left)","WT-M"
"46","Scan_0038","WT/WT","WT","M",13,25916.5155629303,14692.1826171875,30705.974609375,5629674.77308904,472,0.101952001452446,12232595.3457031,5.52559183670304,-10.0494033886214,-8.39086994623735,NA,"thymus (right)","WT-M"
"47","Scan_0038","WT/WT","WT","M",14,21901.6326907637,2800.29150390625,37043.7890625,18786882.7987067,134851,29.127815246582,2953457069.98218,5.22271240536782,-13.2812888996726,-6.00674631273049,NA,"brain","WT-M"
"48","Scan_0038","WT/WT","WT","M",15,19696.2203973373,6317.97607421875,34789.92578125,6521112.24320613,37306,8.05809593200684,734787198.143066,5.38678719810682,-8.46648084333292,-9.69202839123281,NA,"spinal cord","WT-M"
"50","Scan_0044","WT/WT","WT","M",1,27220.5429846429,7700.36181640625,37120.171875,11297002.9500836,6329,1.36706399917603,172278816.549805,4.2824144999347,-7.93650899075963,-9.45248588685011,NA,"lung (left)","WT-M"
"51","Scan_0044","WT/WT","WT","M",2,26816.0233514806,3703.20263671875,43505.296875,19371156.6046666,12823,2.76976799964905,343861867.436035,6.09224298460069,-8.01206202504932,-9.26934195826028,NA,"lung (right)","WT-M"
"52","Scan_0044","WT/WT","WT","M",3,25420.8806604717,10208.3408203125,44105.8828125,17672751.1402935,2774,0.599183976650238,70517522.9521484,4.83121747061599,-5.01636989357664,-8.52881869551948,NA,"kidney (left)","WT-M"
"53","Scan_0044","WT/WT","WT","M",4,26824.8675434615,11085.169921875,38723.04296875,17991541.0809882,2513,0.542807996273041,67410892.1367188,6.20016019985868,-5.02467118253378,-8.52893364213727,NA,"kidney (right)","WT-M"
"54","Scan_0044","WT/WT","WT","M",5,20259.7630605048,4088.10498046875,42786.2734375,78955978.0619132,6831,1.47549605369568,138394441.466309,4.18757703503864,-5.76410166095423,-8.49391521097011,NA,"stomach","WT-M"
"55","Scan_0044","WT/WT","WT","M",6,37293.2049734823,5177.630859375,57159.76953125,32758039.5688903,75844,16.382303237915,2828465838.00879,5.35154266664024,-6.77246978092208,-8.07273884930842,NA,"liver","WT-M"
"56","Scan_0044","WT/WT","WT","M",7,33325.8494582736,21538.490234375,43792.796875,19453796.8075742,349,0.0753839984536171,11630721.4609375,4.84295561213888,-5.46122165873945,-9.18227638594401,NA,"adrenal (left)","WT-M"
"57","Scan_0044","WT/WT","WT","M",8,34988.8942466887,22222.859375,45835.359375,27005936.2602426,302,0.0652320012450218,10566646.0625,6.09138176823295,-5.52289873041064,-9.19924350106953,NA,"adrenal (right)","WT-M"
"58","Scan_0044","WT/WT","WT","M",9,24392.1475997779,9153.587890625,34918.55078125,14833771.1219022,626,0.135215997695923,15269484.3974609,5.46195494386716,-4.31576608965571,-6.4989432662135,NA,"rectum","WT-M"
"59","Scan_0044","WT/WT","WT","M",10,23048.3527005688,7758.46435546875,35764.08203125,31381564.6729381,1817,0.392471998929977,41878856.8569336,5.47735650280378,-5.36360756201211,-6.56562615641808,NA,"bladder","WT-M"
"60","Scan_0044","WT/WT","WT","M",11,22793.5620748023,4888.9853515625,52807.4453125,34130673.5074463,7330,1.58327996730804,167076810.008301,5.08127152546758,-8.62473642906371,-7.94739895403,NA,"heart","WT-M"
"61","Scan_0044","WT/WT","WT","M",12,28558.1826480763,15025.634765625,33146.28515625,6024921.21108875,411,0.0887759998440742,11737413.0683594,4.95699447186323,-9.79748083511407,-8.59347417733967,NA,"thymus (left)","WT-M"
"62","Scan_0044","WT/WT","WT","M",13,29011.1192491319,17106.138671875,33580.26953125,3460579.57086149,378,0.0816479995846748,10966203.0761719,5.47415586683486,-9.82766273755874,-8.50958934360077,NA,"thymus (right)","WT-M"
"63","Scan_0044","WT/WT","WT","M",14,22521.1825203566,3312.8203125,45284.9296875,20957830.9190998,125478,27.1032485961914,2825912940.28931,5.22894459473872,-12.8885296396676,-6.0804298096571,NA,"brain","WT-M"
"64","Scan_0044","WT/WT","WT","M",15,20648.9291308713,8209.7265625,37984.15625,7542949.25724531,33513,7.23880815505981,692007561.962891,5.35376457589267,-8.49622745942209,-9.67871048067033,NA,"spinal cord","WT-M"
"66","Scan_0086","WT/WT","WT","M",1,27614.1607141513,6618.69580078125,38524.8984375,11885692.8480823,6747,1.45735204219818,186312742.338379,4.33312232106144,-7.85550636470879,-9.51873069037256,NA,"lung (left)","WT-M"
"67","Scan_0086","WT/WT","WT","M",2,26265.0874196908,7280.7578125,37601.73046875,11984353.9218261,14468,3.12508797645569,380003284.788086,6.06701059604567,-7.91959042910366,-9.22826888158481,NA,"lung (right)","WT-M"
"68","Scan_0086","WT/WT","WT","M",3,24369.8334375298,7432.376953125,35551.84375,15690082.6275738,2618,0.56548798084259,63800223.9394531,4.77497158706233,-4.82018714125961,-8.68741550436822,NA,"kidney (left)","WT-M"
"69","Scan_0086","WT/WT","WT","M",4,25432.7644015996,10872.361328125,35572.48046875,14096048.3939257,2987,0.64519202709198,75967667.2675781,6.22980218607006,-4.86344360810358,-8.62434625317203,NA,"kidney (right)","WT-M"
"70","Scan_0086","WT/WT","WT","M",5,19816.6105613984,3243.8955078125,37948.01953125,69977803.7979096,6640,1.43423998355865,131582294.127686,4.19228404621908,-5.57857849583001,-8.61787214145873,NA,"stomach","WT-M"
"71","Scan_0086","WT/WT","WT","M",6,36597.3272089127,7500.29833984375,57015.19921875,18546908.0186514,80765,17.445240020752,2955783132.02783,5.31013847756438,-6.55044244627636,-7.98830461492647,NA,"liver","WT-M"
"72","Scan_0086","WT/WT","WT","M",7,32649.6486791992,13986.5126953125,40515.98046875,21497521.2456764,400,0.0864000022411346,13059859.4716797,4.86880031127928,-5.37358813438415,-9.31715045471193,NA,"adrenal (left)","WT-M"
"73","Scan_0086","WT/WT","WT","M",8,33880.6525197584,14876.923828125,45971.9375,28592493.6827026,344,0.07430399954319,11654944.4667969,6.03365845081419,-5.39210441345391,-9.24232836168869,NA,"adrenal (right)","WT-M"
"74","Scan_0086","WT/WT","WT","M",9,23746.4249770221,8368.7255859375,33059.234375,13742168.6926901,612,0.132192000746727,14532812.0859375,5.27761991912242,-4.1733116637959,-6.60119065079034,NA,"rectum","WT-M"
"75","Scan_0086","WT/WT","WT","M",10,20392.3466942517,1621.49401855469,33631.34375,32908043.1990189,2087,0.450792014598846,42558827.5509033,5.2989836366267,-5.31783743960697,-6.82177855725141,NA,"bladder","WT-M"
"76","Scan_0086","WT/WT","WT","M",11,23671.3883141244,4467.70947265625,45323.88671875,37404943.3276814,6868,1.48348796367645,162575094.941406,5.06182104511739,-8.54908918272445,-7.89383382687278,NA,"heart","WT-M"
"77","Scan_0086","WT/WT","WT","M",12,27894.9144839836,18139.705078125,32399.61328125,4475809.78790118,519,0.112103998661041,14477460.6171875,4.92935175636599,-9.73940142918184,-8.56746346049229,NA,"thymus (left)","WT-M"
"78","Scan_0086","WT/WT","WT","M",13,27476.1121695022,15438.2216796875,31561.009765625,4146812.77043995,484,0.104543998837471,13298438.2900391,5.44731931954376,-9.79688482859903,-8.45012194231519,NA,"thymus (right)","WT-M"
"79","Scan_0086","WT/WT","WT","M",14,20729.5178985042,1480.88598632812,39877.19921875,17151816.6508153,135540,29.2766399383545,2809678855.96326,5.08935020061011,-13.1810640529314,-6.11930913111431,NA,"brain","WT-M"
"80","Scan_0086","WT/WT","WT","M",15,20946.0691344642,5767.2783203125,38660.08984375,8347820.40452557,33462,7.22779178619385,700897365.377441,5.30886748000784,-8.60002516146023,-9.7014105138813,NA,"spinal cord","WT-M"
"82","Scan_0093","WT/WT","WT","M",1,24214.6104000901,6723.40771484375,33751.8046875,8693571.56143614,7798,1.68436801433563,188825531.899902,4.25250644105617,-7.95591927057297,-9.40814851831831,NA,"lung (left)","WT-M"
"83","Scan_0093","WT/WT","WT","M",2,24343.592821402,5191.1474609375,39874.3359375,8807117.5815919,15209,3.28514409065247,370241703.220703,6.13529963404867,-7.92509172436388,-9.26611764190367,NA,"lung (right)","WT-M"
"84","Scan_0093","WT/WT","WT","M",3,22240.209540846,8277.625,30412.19921875,10933200.4670043,2764,0.597024023532867,61471939.1708984,4.52022115064256,-4.72538538474594,-8.77367440550791,NA,"kidney (left)","WT-M"
"85","Scan_0093","WT/WT","WT","M",4,22371.8533749754,8301.9453125,32952.23828125,11547817.5770813,3180,0.686879992485046,71142493.7324219,6.04052483958119,-4.65631832306339,-8.82430422829681,NA,"kidney (right)","WT-M"
"86","Scan_0093","WT/WT","WT","M",5,17405.1675968954,2004.24377441406,32626.888671875,55071995.9974465,7592,1.63987195491791,132140032.39563,3.98599230284937,-5.5457078393368,-8.56341910592351,NA,"stomach","WT-M"
"87","Scan_0093","WT/WT","WT","M",6,31355.7223979214,7307.607421875,43893.08984375,9920872.3349299,93695,20.2381191253662,2937874410.07324,5.33201020508333,-6.53216602541405,-8.02652755327705,NA,"liver","WT-M"
"88","Scan_0093","WT/WT","WT","M",7,28690.3064885569,12393.193359375,36856.46875,14416638.2786965,411,0.0887759998440742,11791715.9667969,4.58721344996543,-5.27397718547903,-9.40456906785061,NA,"adrenal (left)","WT-M"
"89","Scan_0093","WT/WT","WT","M",8,29445.3765802994,11369.724609375,38513.40234375,18090681.7582503,406,0.0876960009336472,11954822.8916016,5.91791065610689,-5.28079355310335,-9.47414873057395,NA,"adrenal (right)","WT-M"
"90","Scan_0093","WT/WT","WT","M",9,21061.4711421875,11032.220703125,31985.255859375,13513356.7947411,625,0.135000005364418,13163419.4638672,5.20938431127929,-3.92580013438416,-6.68433245471192,NA,"rectum","WT-M"
"91","Scan_0093","WT/WT","WT","M",10,19606.8072435765,6301.568359375,29091.072265625,23006194.0689406,1963,0.424008011817932,38488162.6191406,5.34327682681674,-5.06756505746108,-6.6683469142127,NA,"bladder","WT-M"
"92","Scan_0093","WT/WT","WT","M",11,18775.2724254396,2325.32666015625,32550.513671875,41547901.2908851,8260,1.78416001796722,155083750.234131,5.2389175025626,-8.59611041041325,-7.70676098739954,NA,"heart","WT-M"
"93","Scan_0093","WT/WT","WT","M",12,24648.1651608609,15470.91015625,27894.01171875,3108002.67893083,449,0.0969839990139008,11067026.1572266,5.02376734914121,-9.96435450409461,-8.46762695805264,NA,"thymus (left)","WT-M"
"94","Scan_0093","WT/WT","WT","M",13,24943.8567283741,16962.658203125,28360.08203125,2707549.01753564,414,0.0894239991903305,10326756.6855469,5.5726582822938,-10.0178214677175,-8.38722219384237,NA,"thymus (right)","WT-M"
"95","Scan_0093","WT/WT","WT","M",14,19458.9204578067,2104.73291015625,36394.7734375,17680743.7908416,135165,29.1956405639648,2630164983.67944,5.05609270945851,-13.2582628541704,-6.11838173314605,NA,"brain","WT-M"
"96","Scan_0093","WT/WT","WT","M",15,18330.2322833372,8592.1884765625,36512.85546875,5667921.89347183,36775,7.94339990615845,674094292.219727,5.26317896525607,-8.54034510243344,-9.76976775586405,NA,"spinal cord","WT-M"
"98","Scan_0095","WT/WT","WT","M",1,27702.1186014148,8362.2841796875,40418.53515625,16431222.4633257,6136,1.32537603378296,169980199.738281,4.24951621740707,-7.80151551378447,-9.44970958117896,NA,"lung (left)","WT-M"
"99","Scan_0095","WT/WT","WT","M",2,25232.272755292,2295.30932617188,39614.76953125,29958476.1958053,13531,2.92269611358643,341417882.651855,6.02881093872734,-7.97101241196899,-9.20755951908282,NA,"lung (right)","WT-M"
"100","Scan_0095","WT/WT","WT","M",3,22249.7416867749,9491.7353515625,35905.38671875,16261676.2288164,2629,0.567864000797272,58494570.8945312,4.81124390199819,-4.81432457409505,-8.70997013900256,NA,"kidney (left)","WT-M"
"101","Scan_0095","WT/WT","WT","M",4,22829.9461398518,9832.5419921875,33663.90234375,13908066.2180881,2991,0.646055996417999,68284368.9042969,6.10150903745783,-4.84071682044231,-8.70203445671795,NA,"kidney (right)","WT-M"
"102","Scan_0095","WT/WT","WT","M",5,16976.7583959153,1760.16259765625,34715.21875,68572728.3749454,7976,1.722815990448,135406624.96582,4.18788817487007,-5.52457840519667,-8.59413826815195,NA,"stomach","WT-M"
"103","Scan_0095","WT/WT","WT","M",6,33268.2425207155,1058.10388183594,64264.53125,34652242.9974844,86989,18.789623260498,2893971148.63452,5.33899622340585,-6.5502964549763,-8.06373520623184,NA,"liver","WT-M"
"104","Scan_0095","WT/WT","WT","M",7,30893.4122680664,8347.140625,42176.95703125,24880888.7064227,400,0.0864000022411346,12357364.9072266,4.78795031127929,-5.29468813438414,-9.39515045471192,NA,"adrenal (left)","WT-M"
"105","Scan_0095","WT/WT","WT","M",8,31194.4013316761,14971.7861328125,41675.42578125,22899733.7881233,385,0.0831599980592728,12009844.5126953,6.01839251907152,-5.36537125126726,-9.36945370146517,NA,"adrenal (right)","WT-M"
"106","Scan_0095","WT/WT","WT","M",9,21831.5132485741,9518.3486328125,33489.48828125,20094643.3711629,526,0.113615997135639,11483375.96875,5.21688928466333,-4.25867064388985,-6.79241148132788,NA,"rectum","WT-M"
"107","Scan_0095","WT/WT","WT","M",10,20264.3611766417,8250.1240234375,29431.455078125,22084955.9072526,1934,0.417744010686874,39191274.515625,5.21025491314072,-5.24403311887226,-6.84679145781425,NA,"bladder","WT-M"
"108","Scan_0095","WT/WT","WT","M",11,22873.5911076276,1895.35229492188,43705.5703125,37419071.4247039,6797,1.46815204620361,155471798.758545,5.00413804851631,-8.48354654250554,-7.77789774763527,NA,"heart","WT-M"
"109","Scan_0095","WT/WT","WT","M",12,26279.0107899913,16251.142578125,31078.072265625,4082314.50120288,429,0.0926640033721924,11273695.6289062,4.77440450708349,-9.61092170081772,-8.40860255261402,NA,"thymus (left)","WT-M"
"110","Scan_0095","WT/WT","WT","M",13,25870.5228928377,17128.578125,30264.80078125,4035925.07894431,459,0.0991439968347549,11874570.0078125,5.30866567075641,-9.72396525856717,-8.32913182726095,NA,"thymus (right)","WT-M"
"111","Scan_0095","WT/WT","WT","M",14,19416.745609339,1542.19299316406,36275.32421875,15130890.6976953,145057,31.332311630249,2816534867.85388,5.25880105995015,-13.1763856643199,-6.16516290740201,NA,"brain","WT-M"
"112","Scan_0095","WT/WT","WT","M",15,19721.2669034073,5661.3642578125,39854.05078125,8287966.88041056,34558,7.46452808380127,681527541.647949,5.19506075459219,-8.22343946258697,-9.62636976427558,NA,"spinal cord","WT-M"
"114","Scan_0113","WT/WT","WT","M",1,25370.0362973795,5499.52587890625,35674.76953125,15165276.38635,5946,1.2843359708786,150850235.824219,4.31805540714208,-7.89940236243665,-9.41205262423779,NA,"lung (left)","WT-M"
"115","Scan_0113","WT/WT","WT","M",2,24016.8315835349,2309.26831054688,42319.2109375,23723455.1495052,12801,2.76501607894897,307439461.10083,6.00982130963884,-7.92243985690586,-9.26949586132076,NA,"lung (right)","WT-M"
"116","Scan_0113","WT/WT","WT","M",3,22130.1850349672,8044.66845703125,32293.27734375,12810362.2869116,1426,0.308016002178192,31557643.8598633,4.52523425237327,-4.90504914420184,-8.62377198346361,NA,"kidney (left)","WT-M"
"117","Scan_0113","WT/WT","WT","M",4,23090.9268507164,8929.0126953125,33493.96875,14909439.4690019,2733,0.590327978134155,63107503.0830078,5.87166287988519,-4.91678231660148,-8.75809891793917,NA,"kidney (right)","WT-M"
"118","Scan_0113","WT/WT","WT","M",5,17228.5015808562,1815.41345214844,31670.201171875,53895151.6548801,7093,1.53208804130554,122201761.713013,3.99259720962978,-5.64201809349884,-8.39301259344024,NA,"stomach","WT-M"
"119","Scan_0113","WT/WT","WT","M",6,30962.5094029533,2739.13598632812,60745.6640625,24369725.8765099,83606,18.058895111084,2588651561.14331,5.39798313069387,-6.62399678208892,-7.99829177590736,NA,"liver","WT-M"
"120","Scan_0113","WT/WT","WT","M",7,29972.7215708624,14079.564453125,38039.94140625,16015043.3827211,341,0.0736560001969337,10220698.0556641,4.48628359573679,-5.37756731326977,-9.16817846057701,NA,"adrenal (left)","WT-M"
"121","Scan_0113","WT/WT","WT","M",8,30026.5365541388,15556.181640625,42634.58984375,23871956.2368815,299,0.0645840018987656,8977934.4296875,5.72829930793482,-5.47311689692595,-9.34160346474536,NA,"adrenal (right)","WT-M"
"122","Scan_0113","WT/WT","WT","M",9,21594.4239521086,11100.931640625,30398.48046875,11053596.4433167,638,0.137807995080948,13777242.4814453,5.24878839905357,-4.17571070491705,-6.67624904405362,NA,"rectum","WT-M"
"123","Scan_0113","WT/WT","WT","M",10,18834.8657595371,6762.74169921875,29194.837890625,20803615.2652862,1880,0.406080007553101,35409547.6279297,5.34070669425802,-5.2744349428948,-6.77215790152044,NA,"bladder","WT-M"
"124","Scan_0113","WT/WT","WT","M",11,20380.4647875428,1236.62219238281,37215.49609375,31811322.8608802,6991,1.51005601882935,142479829.329712,5.12185020399852,-8.59257281468757,-7.84532211112755,NA,"heart","WT-M"
"125","Scan_0113","WT/WT","WT","M",12,24487.3020090766,13720.1640625,28800.3359375,4191169.15137449,377,0.0814319998025894,9231712.85742188,5.0320751123403,-9.87584091953003,-8.51526278892938,NA,"thymus (left)","WT-M"
"126","Scan_0113","WT/WT","WT","M",13,24913.7492705922,16000.1484375,29398.119140625,3167937.04625841,324,0.069983996450901,8072054.76367188,5.59119290387189,-9.95522887512487,-8.43940415841563,NA,"thymus (right)","WT-M"
"127","Scan_0113","WT/WT","WT","M",14,18555.1291290064,1506.37939453125,32532.0390625,14326940.4712541,140747,30.4013519287109,2611578759.52026,5.04154261200265,-13.1144376182091,-6.07551974037793,NA,"brain","WT-M"
"128","Scan_0113","WT/WT","WT","M",15,18316.0153581447,4788.9970703125,36307.0625,6821417.94613876,32943,7.11568784713745,603384493.943359,5.24958473892705,-8.76681032726299,-9.72274125245116,NA,"spinal cord","WT-M"
"130","Scan_0195","WT/WT","WT","M",1,27597.904422628,8774.0498046875,35013.15234375,9707301.49869497,6298,1.36036801338196,173811602.053711,4.38803187685569,-7.85599019853156,-9.54350769510605,NA,"lung (left)","WT-M"
"131","Scan_0195","WT/WT","WT","M",2,25553.2461363014,3449.20776367188,39362.70703125,18693088.9147161,14975,3.23460006713867,382659860.891113,6.10463703915903,-7.94184506259794,-9.25715921931924,NA,"lung (right)","WT-M"
"132","Scan_0195","WT/WT","WT","M",3,22924.1746927184,7549.37939453125,33874.4140625,16022693.4853156,2852,0.616032004356384,65379746.2236328,4.74196637018532,-4.94441099553421,-8.63519554587611,NA,"kidney (left)","WT-M"
"133","Scan_0195","WT/WT","WT","M",4,23429.5010322714,6598.0087890625,32611.5625,12937369.818078,3094,0.668304026126862,72490876.1938477,6.11951175277896,-4.97217397795233,-8.62969851547473,NA,"kidney (right)","WT-M"
"134","Scan_0195","WT/WT","WT","M",5,18088.7549094858,2442.11108398438,35364.046875,56053157.2933992,7478,1.61524796485901,135267709.213135,4.13343315428546,-5.63790081157063,-8.61607889814594,NA,"stomach","WT-M"
"135","Scan_0195","WT/WT","WT","M",6,32991.6906553513,6155.6328125,49693.67578125,20157872.8809622,80390,17.3642406463623,2652202011.78369,5.38325661181412,-6.60049286133965,-8.08477409571065,NA,"liver","WT-M"
"136","Scan_0195","WT/WT","WT","M",7,31084.5181247877,17223.791015625,39648.015625,17200014.1449829,368,0.0794880017638206,11439102.6699219,4.72881770258364,-5.35443378655806,-9.35570045471192,NA,"adrenal (left)","WT-M"
"137","Scan_0195","WT/WT","WT","M",8,31323.7990251762,21143.083984375,40419,14238440.3153116,337,0.0727920010685921,10556120.2714844,5.96103354570067,-5.44419139847911,-9.32423161198195,NA,"adrenal (right)","WT-M"
"138","Scan_0195","WT/WT","WT","M",9,25225.5430480786,9762.400390625,35604.17578125,16029918.7164481,714,0.154223993420601,18011037.7363281,5.36507089951457,-4.48423603354383,-6.44952398412365,NA,"rectum","WT-M"
"139","Scan_0195","WT/WT","WT","M",10,21201.5309662086,5840.02978515625,31343.06640625,23254598.9334353,2075,0.448199987411499,43993176.7548828,5.25072561248413,-5.56100861631187,-6.59178961133839,NA,"bladder","WT-M"
"140","Scan_0195","WT/WT","WT","M",11,22863.6016524641,2379.0078125,38541.1484375,42852216.0381907,6589,1.42322397232056,150648271.288086,5.07796592062821,-8.50568406699929,-7.88809307878252,NA,"heart","WT-M"
"141","Scan_0195","WT/WT","WT","M",12,27752.2696427297,19960.775390625,31838.193359375,3455273.42695949,438,0.0946080014109612,12155494.1035156,4.98544962634778,-9.6879127919184,-8.51563196156117,NA,"thymus (left)","WT-M"
"142","Scan_0195","WT/WT","WT","M",13,27852.1022406684,20125.642578125,31853.94140625,3578951.7361834,432,0.0933120027184486,12032108.1679688,5.51248920016819,-9.81032146771748,-8.44097823248967,NA,"thymus (right)","WT-M"
"143","Scan_0195","WT/WT","WT","M",14,21836.3198993865,1698.48669433594,35151.30859375,14721656.6944127,120640,26.0582408905029,2634333632.66199,5.09690485371889,-12.801252225896,-6.12368934728329,NA,"brain","WT-M"
"144","Scan_0195","WT/WT","WT","M",15,21311.478873758,9502.611328125,31590.884765625,5474523.05591906,29256,6.31929588317871,623488625.930664,5.30495387977794,-8.33942045595943,-9.61171152936284,NA,"spinal cord","WT-M"
"146","Scan_0082","MUT/MUT","KO","M",1,25012.9250868309,3015.68212890625,38795.37890625,57116884.825768,5345,1.15452003479004,133694084.589111,4.52019806619041,-7.91033284907077,-9.42903908894975,NA,"lung (left)","KO-M"
"147","Scan_0082","MUT/MUT","KO","M",2,27821.0157731819,6794.53857421875,40724.87890625,16942066.0438715,6587,1.42279195785522,183257030.897949,6.23355400795459,-8.03557056948356,-9.38644054883695,NA,"lung (right)","KO-M"
"148","Scan_0082","MUT/MUT","KO","M",3,24290.5746706529,12731.0869140625,35284.34765625,16674484.6486084,3369,0.727703988552094,81834946.0654297,4.29628508420893,-5.40906516020785,-9.30320268089179,NA,"kidney (left)","KO-M"
"149","Scan_0082","MUT/MUT","KO","M",4,24638.8679285059,9430.44140625,39586.5078125,21730984.8093509,3868,0.835488021373749,95303141.1474609,6.16485677456784,-5.43662877554237,-8.90593313309857,NA,"kidney (right)","KO-M"
"150","Scan_0082","MUT/MUT","KO","M",5,16648.691858955,2851.25317382812,33979.2578125,67721966.5823742,8283,1.78912794589996,137901114.667725,4.02827072055128,-6.18848668563362,-8.78831001646468,NA,"stomach","KO-M"
"151","Scan_0082","MUT/MUT","KO","M",6,35762.7311351003,4388.7568359375,54060.296875,28918332.3584562,107287,23.1739921569824,3836876135.2915,5.3222646881375,-6.64508168253076,-7.65259276225776,NA,"liver","KO-M"
"152","Scan_0082","MUT/MUT","KO","M",7,27341.6891634666,18677.509765625,34181.328125,9795542.97894469,236,0.050976000726223,6452638.64257812,4.77393929433014,-6.24347118523162,-9.35722587844073,NA,"adrenal (left)","KO-M"
"153","Scan_0082","MUT/MUT","KO","M",8,26696.1896306818,17166.650390625,36446.50390625,11241845.0677492,231,0.0498960018157959,6166819.8046875,5.92769122037022,-6.09825436815039,-9.27667448068593,NA,"adrenal (right)","KO-M"
"154","Scan_0082","MUT/MUT","KO","M",9,24659.4784795673,18462.984375,32645.259765625,6738987.38627088,325,0.070200003683567,8014330.50585938,5.18703108051006,-4.43267274976877,-7.43851583932731,NA,"rectum","KO-M"
"155","Scan_0082","MUT/MUT","KO","M",10,24585.0818001055,13135.548828125,31543.21875,10173391.7213938,1052,0.227231994271278,25863506.0537109,5.20103377135533,-4.94758699369975,-7.0635521657386,NA,"bladder","KO-M"
"156","Scan_0082","MUT/MUT","KO","M",11,20829.0606141527,3256.546875,43356.38671875,71750778.1752662,11547,2.4941520690918,240513162.911621,5.05015136350064,-8.58382822271867,-7.45339725907723,NA,"heart","KO-M"
"157","Scan_0082","MUT/MUT","KO","M",12,26416.13122078,16889.53125,31828.3515625,6372855.74179071,508,0.109728001058102,13419394.6601562,4.8598995238777,-10.2904723863527,-8.38908628148356,NA,"thymus (left)","KO-M"
"158","Scan_0082","MUT/MUT","KO","M",13,26525.9129537391,18421.84375,31346.779296875,4312151.44510175,458,0.0989279970526695,12148868.1328125,5.77969201433607,-10.3116497064366,-8.26371355514864,NA,"thymus (right)","KO-M"
"159","Scan_0082","MUT/MUT","KO","M",14,20991.1245262958,3139.64819335938,36373.09375,15205039.7578447,120772,26.0867519378662,2535140091.28979,5.3141451395502,-13.4464400768882,-6.40845208588291,NA,"brain","KO-M"
"160","Scan_0082","MUT/MUT","KO","M",15,21113.4885871904,9909.1875,36728.921875,8001649.05385529,24904,5.37926387786865,525810319.775391,5.42274101156857,-8.48005430849259,-9.87466046113623,NA,"spinal cord","KO-M"
"162","Scan_0105","MUT/MUT","KO","M",1,28002.9936832923,9485.9599609375,54272.19921875,16856911.624581,3045,0.657720029354095,85269115.765625,4.49668898123003,-8.26773936591123,-9.47801079953929,NA,"lung (left)","KO-M"
"163","Scan_0105","MUT/MUT","KO","M",2,27665.0956951148,7600.05615234375,38970.60546875,16036328.6596473,4328,0.934848010540009,119734534.168457,6.01860493235139,-8.32010273697197,-9.30399065803906,NA,"lung (right)","KO-M"
"164","Scan_0105","MUT/MUT","KO","M",3,22624.622210234,9030.10546875,33412.98828125,14181844.0472806,3043,0.657288014888763,68846725.3857422,4.45587273980379,-5.78854334305981,-9.23526174291445,NA,"kidney (left)","KO-M"
"165","Scan_0105","MUT/MUT","KO","M",4,22915.2767088342,8358.60546875,33180.57421875,14341137.9468562,2927,0.632232010364532,67073014.9267578,6.34605504308661,-6.01732038583616,-9.03095327329741,NA,"kidney (right)","KO-M"
"166","Scan_0105","MUT/MUT","KO","M",5,17768.1264483179,2072.73657226562,31632.693359375,46424491.3871387,6515,1.40724003314972,115759343.810791,4.10847598280654,-6.864675394553,-8.9797748983035,NA,"stomach","KO-M"
"167","Scan_0105","MUT/MUT","KO","M",6,32260.6769998984,3815.58569335938,64242.5625,22796462.1998829,86143,18.6068878173828,2779031498.80225,5.29197690601185,-7.02129112476185,-7.61399729832923,NA,"liver","KO-M"
"168","Scan_0105","MUT/MUT","KO","M",7,25769.0693423064,7832.03173828125,34259.36328125,14268109.4564613,230,0.0496799983084202,5926885.94873047,4.73520900693146,-6.5165750909059,-9.40696132427712,NA,"adrenal (left)","KO-M"
"169","Scan_0105","MUT/MUT","KO","M",8,25398.3871898555,18363.61328125,34536.421875,9174718.55069478,199,0.0429840013384819,5054279.05078125,6.01066061278685,-6.62830722986154,-9.31311251501343,NA,"adrenal (right)","KO-M"
"170","Scan_0105","MUT/MUT","KO","M",9,20493.6048565489,12541.2373046875,40611.9375,12301694.0511123,528,0.11404799669981,10820623.3642578,5.40791849309749,-4.80369267983871,-7.657859545621,NA,"rectum","KO-M"
"171","Scan_0105","MUT/MUT","KO","M",10,21309.8080362449,2373.85034179688,47807.42578125,36155670.2319692,1446,0.312335997819901,30813982.4204102,5.36880778015896,-5.29091966965385,-7.32638510201476,NA,"bladder","KO-M"
"172","Scan_0105","MUT/MUT","KO","M",11,22493.1177299304,1694.47326660156,54011.19921875,76007550.8900765,8190,1.76903998851776,184218634.20813,4.55101789369687,-8.80802659592264,-7.9339092459211,NA,"heart","KO-M"
"173","Scan_0105","MUT/MUT","KO","M",12,27111.1649389022,19865.17578125,36615.1796875,5046124.52926508,312,0.067391999065876,8458683.4609375,4.30513877281776,-10.8483342882303,-8.08166199317342,NA,"thymus (left)","KO-M"
"174","Scan_0105","MUT/MUT","KO","M",13,25996.4179329598,15945.43359375,30586.51171875,3476918.95108224,382,0.0825119987130165,9930631.65039062,5.71006627986569,-9.99700122338937,-8.40206171125643,NA,"thymus (right)","KO-M"
"175","Scan_0105","MUT/MUT","KO","M",14,16888.4369939917,260.188873291016,43416.3046875,26479506.2794864,140125,30.2670001983643,2366492233.78308,5.15829629700582,-13.0109719167205,-6.2814572789758,NA,"brain","KO-M"
"176","Scan_0105","MUT/MUT","KO","M",15,20287.0326460241,6619.66162109375,43809.546875,6840816.27274569,28877,6.23743200302124,585828641.719238,5.32762964258077,-8.28610049023852,-9.86997808050406,NA,"spinal cord","KO-M"
"178","Scan_0110","MUT/MUT","KO","M",1,25660.2425220875,2287.560546875,35947.9765625,29893321.7367269,2594,0.56030398607254,66562669.1022949,4.56237055029241,-7.80633855843968,-9.48963646087983,NA,"lung (left)","KO-M"
"179","Scan_0110","MUT/MUT","KO","M",2,26648.657719831,4240.1103515625,40450.515625,23164974.5991753,3133,0.676728010177612,83490244.6362305,5.96770979101118,-7.80820342324468,-9.34157182400646,NA,"lung (right)","KO-M"
"180","Scan_0110","MUT/MUT","KO","M",3,23609.2043911638,8503.5732421875,34292.125,14849145.2300444,2320,0.50111997127533,54773354.1875,4.46293651817586,-5.48985882403934,-9.0495194202291,NA,"kidney (left)","KO-M"
"181","Scan_0110","MUT/MUT","KO","M",4,23696.0304857686,9238.7763671875,33442.61328125,16273244.7870283,2433,0.525528013706207,57652442.171875,6.08592460227807,-5.55593079776272,-8.85472018344194,NA,"kidney (right)","KO-M"
"182","Scan_0110","MUT/MUT","KO","M",5,17405.1635105299,1594.6083984375,32572.99609375,54064710.9642016,5704,1.23206400871277,99279052.6640625,4.17297618785715,-6.35933385668426,-8.79941714475386,NA,"stomach","KO-M"
"183","Scan_0110","MUT/MUT","KO","M",6,31216.5321370405,755.918579101562,47941.91796875,24710171.6023257,86215,18.6224403381348,2691333318.19495,5.49601723408881,-6.75889931573342,-7.67885077657633,NA,"liver","KO-M"
"184","Scan_0110","MUT/MUT","KO","M",7,25424.8428700206,14785.5205078125,32570.939453125,14304252.5944057,182,0.0393120013177395,4627321.40234375,4.7751937178727,-6.17789472779075,-9.19762353163497,NA,"adrenal (left)","KO-M"
"185","Scan_0110","MUT/MUT","KO","M",8,26307.0186337157,10757.0859375,44185.2734375,18530603.7035782,173,0.0373679995536804,4551114.22363281,5.77802227659722,-6.20841877022231,-9.12549814257318,NA,"adrenal (right)","KO-M"
"186","Scan_0110","MUT/MUT","KO","M",9,22141.8974216866,14273.611328125,33414.40234375,11498188.2580895,622,0.134351998567581,13772260.1962891,5.25843953957507,-5.02741417940023,-7.37902842898842,NA,"rectum","KO-M"
"187","Scan_0110","MUT/MUT","KO","M",10,22774.8063768263,12121.107421875,30004.06640625,9026408.06708938,770,0.166319996118546,17536600.9101562,5.3580808307598,-5.46238423828023,-7.07636279237433,NA,"bladder","KO-M"
"188","Scan_0110","MUT/MUT","KO","M",11,20076.450443402,1196.53051757812,45064.7734375,45081497.4493035,7079,1.52906405925751,142121192.688843,4.27784031692985,-8.38358687714455,-8.19583112288559,NA,"heart","KO-M"
"189","Scan_0110","MUT/MUT","KO","M",12,26648.7026435004,15534.03515625,31446.23046875,6686306.92358537,288,0.0622080005705357,7674826.36132812,4.82485031127929,-9.79282146771747,-8.43111712137859,NA,"thymus (left)","KO-M"
"190","Scan_0110","MUT/MUT","KO","M",13,26348.9065934066,13917.48828125,31381.794921875,7516812.71431205,273,0.0589680001139641,7193251.5,5.42431459699358,-9.7361364860325,-8.39267847668992,NA,"thymus (right)","KO-M"
"191","Scan_0110","MUT/MUT","KO","M",14,16280.0995531702,1450.26501464844,30284.810546875,28283759.6474529,142113,30.6964073181152,2313613787.79968,5.15321136023259,-12.6435120097506,-6.30631169365591,NA,"brain","KO-M"
"192","Scan_0110","MUT/MUT","KO","M",15,20227.6229428948,8552.1689453125,31189.236328125,6574815.88466467,24785,5.35355997085571,501341634.639648,5.23743912507779,-8.01144153361763,-9.78691187290761,NA,"spinal cord","KO-M"
"194","Scan_0125","MUT/MUT","KO","M",1,25933.8458867178,7066.109375,34759.72265625,15012529.7792122,4258,0.919727981090546,110426315.785645,4.52480979930185,-8.19034534434187,-9.46842238989274,NA,"lung (left)","KO-M"
"195","Scan_0125","MUT/MUT","KO","M",2,25506.5716741609,6465.5703125,42314.55859375,15067950.6128784,6909,1.49234402179718,176224903.696777,6.25492684189162,-8.23362404406718,-9.279046090839,NA,"lung (right)","KO-M"
"196","Scan_0125","MUT/MUT","KO","M",3,22606.7628631047,6911.48876953125,34431.31640625,18014154.2808414,3364,0.726624011993408,76049150.2714844,4.69483098904386,-5.3662657800441,-9.11680628110918,NA,"kidney (left)","KO-M"
"197","Scan_0125","MUT/MUT","KO","M",4,23489.5596450705,8729.482421875,35641.1015625,14944035.397311,3318,0.716687977313995,77938358.9023438,6.45780465124314,-5.58606137127386,-8.98824114187275,NA,"kidney (right)","KO-M"
"198","Scan_0125","MUT/MUT","KO","M",5,16907.8291187311,1803.63159179688,33472.875,50958711.7959463,7750,1.67400002479553,131035675.670166,4.05875773063414,-6.40836942470662,-8.96322690632455,NA,"stomach","KO-M"
"199","Scan_0125","MUT/MUT","KO","M",6,31232.1967781906,905.059875488281,53168.40625,30690428.0279069,104722,22.6199512481689,3270698111.00568,5.23820994440279,-6.94091486420223,-7.67880094935081,NA,"liver","KO-M"
"200","Scan_0125","MUT/MUT","KO","M",7,24113.6830016877,14658.2451171875,33493.14453125,13227916.8437199,287,0.0619920007884502,6920627.02148438,4.90396616493782,-6.11089928420994,-9.43132763241226,NA,"adrenal (left)","KO-M"
"201","Scan_0125","MUT/MUT","KO","M",8,24553.3459694602,16387.005859375,33134.6484375,10911990.7967541,264,0.057023998349905,6482083.3359375,6.14064576582476,-6.23994267983871,-9.29342772743922,NA,"adrenal (right)","KO-M"
"202","Scan_0125","MUT/MUT","KO","M",9,20732.8906237415,8875.2197265625,32749.478515625,10415803.0611212,776,0.167615994811058,16088723.1240234,5.41723433189785,-4.65062215500271,-7.38876746502124,NA,"rectum","KO-M"
"203","Scan_0125","MUT/MUT","KO","M",10,21634.7646663632,5788.654296875,31122.857421875,18366491.3478938,1253,0.270648002624512,27108360.1269531,5.37671683163045,-5.14868605936419,-7.18996621688264,NA,"bladder","KO-M"
"204","Scan_0125","MUT/MUT","KO","M",11,20232.7475498093,429.250305175781,47371.92578125,46795309.3234476,7497,1.61935198307037,151684908.38092,5.23928058338814,-8.76925003914616,-7.60838752954175,NA,"heart","KO-M"
"205","Scan_0125","MUT/MUT","KO","M",12,26769.2927502497,19842.521484375,30840.21484375,4219015.52527274,438,0.0946080014109612,11724950.2246094,4.8707920921012,-9.97654292890468,-8.30508401635576,NA,"thymus (left)","KO-M"
"206","Scan_0125","MUT/MUT","KO","M",13,27134.5172466547,21424.3828125,32505.185546875,2987980.40497497,383,0.0827279984951019,10392520.1054688,5.79087185174927,-10.4407283432614,-8.19451246515583,NA,"thymus (right)","KO-M"
"207","Scan_0125","MUT/MUT","KO","M",14,17800.6545535141,544.713256835938,33995.6796875,25174759.7558837,139939,30.2268238067627,2491005797.56421,5.20546187238744,-13.2481957498452,-6.32895355070396,NA,"brain","KO-M"
"208","Scan_0125","MUT/MUT","KO","M",15,20338.4124906735,9127.3447265625,32911.97265625,5675024.91350055,30114,6.5046238899231,612470953.744141,5.44000895841985,-8.11759831569515,-9.86181621482268,NA,"spinal cord","KO-M"
"210","Scan_0162","MUT/MUT","KO","M",1,18213.6381076507,1822.06726074219,29081.640625,40179544.3278069,6653,1.43704795837402,121175334.3302,4.44474190153932,-7.82725079784415,-9.56197356458764,NA,"lung (left)","KO-M"
"211","Scan_0162","MUT/MUT","KO","M",2,21170.9277903698,8201.3916015625,28169.521484375,8583762.60778835,5982,1.292111992836,126644490.041992,6.21826931830036,-7.9217097993791,-9.65341860917538,NA,"lung (right)","KO-M"
"212","Scan_0162","MUT/MUT","KO","M",3,19571.0366499731,8174.08935546875,29183.0703125,10087340.6833368,4210,0.909359991550446,82394064.2963867,4.31408249655242,-5.48137649542928,-9.25035841195645,NA,"kidney (left)","KO-M"
"213","Scan_0162","MUT/MUT","KO","M",4,19668.7047479761,6556.5048828125,30879.30859375,12572572.9760627,3341,0.721656024456024,65713142.5629883,6.10579576174324,-5.50374584165744,-8.73767441460424,NA,"kidney (right)","KO-M"
"214","Scan_0162","MUT/MUT","KO","M",5,13604.9593913707,2395.03979492188,26563.806640625,37003524.5690034,9461,2.04357600212097,128716520.801758,4.04176065373778,-6.3083566472262,-8.87149741063627,NA,"stomach","KO-M"
"215","Scan_0162","MUT/MUT","KO","M",6,25372.988119653,4177.10693359375,35391.24609375,10431109.1302807,111222,24.0239524841309,2822034484.64404,5.53576166424874,-6.64757709160465,-7.59451336941941,NA,"liver","KO-M"
"216","Scan_0162","MUT/MUT","KO","M",7,20129.2269539854,10715.6806640625,25853.97265625,6411005.27686863,227,0.0490319989621639,4569334.51855469,4.80309370334977,-6.26378328856918,-9.33528195250928,NA,"adrenal (left)","KO-M"
"217","Scan_0162","MUT/MUT","KO","M",8,21047.8083937872,16365.623046875,27621.1484375,5488062.05775094,210,0.0453599989414215,4420039.76269531,5.88631459699359,-6.12477384866987,-9.21812902614048,NA,"adrenal (right)","KO-M"
"218","Scan_0162","MUT/MUT","KO","M",9,19283.1929364272,10747.1708984375,28211.6796875,6888845.57805536,852,0.184031993150711,16429280.3818359,5.18057214226518,-4.6591360217081,-7.30724975048656,NA,"rectum","KO-M"
"219","Scan_0162","MUT/MUT","KO","M",10,19329.9175634837,6249.25537109375,25737.572265625,7909629.28302858,2041,0.440856009721756,39452361.7470703,5.2157487679182,-5.20987764932782,-6.96082294368784,NA,"bladder","KO-M"
"220","Scan_0162","MUT/MUT","KO","M",11,15271.802595718,1409.13452148438,27158.986328125,28958761.2434551,11606,2.50689601898193,177244540.925903,4.71449898437945,-8.55746590450298,-8.02207043575597,NA,"heart","KO-M"
"221","Scan_0162","MUT/MUT","KO","M",12,22959.9577218343,15184.8251953125,27015.9296875,4973061.941129,461,0.0995760038495064,10584540.5097656,4.29204933514048,-10.7900412797204,-8.20493038963603,NA,"thymus (left)","KO-M"
"222","Scan_0162","MUT/MUT","KO","M",13,22321.7782251182,15930.2587890625,26643.384765625,2775309.74239712,595,0.128519997000694,13281458.0439453,5.73076837850619,-10.0142024200984,-8.58525507656074,NA,"thymus (right)","KO-M"
"223","Scan_0162","MUT/MUT","KO","M",14,17095.8684386966,2786.669921875,27056.92578125,8457539.07426141,136908,29.5721282958984,2340561156.20508,5.20037303456731,-13.0954820865269,-6.35876031973114,NA,"brain","KO-M"
"224","Scan_0162","MUT/MUT","KO","M",15,18385.2462100679,3591.87231445312,26241.328125,4726197.80586413,29030,6.27048015594482,533723697.478271,5.41324998403185,-8.10788599866257,-9.80604044782248,NA,"spinal cord","KO-M"
"226","Scan_0166","MUT/MUT","KO","M",1,23966.1192015177,11516.9423828125,34123.94921875,7932481.78289527,5998,1.29556798934937,143748782.970703,4.01760998116925,-8.08286092531442,-8.64202756374793,NA,"lung (left)","KO-M"
"227","Scan_0166","MUT/MUT","KO","M",2,24448.4267911405,8865.30859375,39267.11328125,10210351.8390855,7677,1.65823197364807,187690572.475586,6.14738499279551,-7.6579074387999,-8.89402988026869,NA,"lung (right)","KO-M"
"228","Scan_0166","MUT/MUT","KO","M",3,21277.3669444236,1784.53637695312,30811.54296875,16515810.5145186,7456,1.61049604415894,158644047.937622,4.2546893670733,-5.05279285541416,-9.05213554054876,NA,"kidney (left)","KO-M"
"229","Scan_0166","MUT/MUT","KO","M",4,20859.6754092965,4498.23486328125,29270.103515625,14132087.4575849,6611,1.42797601222992,137903314.130859,6.70642968656301,-5.20816080115166,-9.15163828559978,NA,"kidney (right)","KO-M"
"230","Scan_0166","MUT/MUT","KO","M",5,14231.5678924713,1317.55053710938,30505.060546875,42333504.4741016,14601,3.15381598472595,207795122.797974,3.90578749023964,-6.67488468256577,-9.10585147176575,NA,"stomach","KO-M"
"231","Scan_0166","MUT/MUT","KO","M",6,26748.5844190486,4132.5419921875,43463.0078125,12099006.7631305,103672,22.3931522369385,2773079243.8916,5.23489034137409,-6.05787130438165,-7.14829286153577,NA,"liver","KO-M"
"232","Scan_0166","MUT/MUT","KO","M",7,21029.9291236733,10670.5546875,27911.283203125,8901535.08624054,265,0.0572400018572807,5572931.21777344,4.80516634901514,-5.9641862475917,-9.27492686980629,NA,"adrenal (left)","KO-M"
"233","Scan_0166","MUT/MUT","KO","M",8,23265.4831253703,15211.03515625,32996.171875,10839014.2509115,211,0.0455759987235069,4909016.93945312,6.26106476625558,-6.09491467466852,-9.35818860637068,NA,"adrenal (right)","KO-M"
"234","Scan_0166","MUT/MUT","KO","M",9,19746.737631228,5656.57080078125,29875.265625,12059995.3522266,1277,0.275831997394562,25216583.9550781,5.20718292678437,-3.9809799119879,-7.04047335995855,NA,"rectum","KO-M"
"235","Scan_0166","MUT/MUT","KO","M",10,20238.2581093428,3138.9150390625,27050.71484375,9247748.15238176,1941,0.419256001710892,39282458.9902344,5.25124327882181,-4.44773388399777,-6.55895393230082,NA,"bladder","KO-M"
"236","Scan_0166","MUT/MUT","KO","M",11,19484.1468407978,1504.40026855469,41368.9296875,55702131.0725698,22573,4.87576818466187,439815646.637329,4.89565342783448,-7.82411778042152,-6.67197897329484,NA,"heart","KO-M"
"237","Scan_0166","MUT/MUT","KO","M",12,22703.4241782134,13412.8525390625,27483.98046875,6391054.09646776,954,0.206064000725746,21659066.6660156,4.88771980813464,-9.46983404633382,-7.86730422829675,NA,"thymus (left)","KO-M"
"238","Scan_0166","MUT/MUT","KO","M",13,23244.7848949624,13145.9697265625,26807.1484375,4261652.33382341,897,0.193752005696297,20850572.0507812,5.63953676612881,-9.58582592702627,-7.80100145805634,NA,"thymus (right)","KO-M"
"239","Scan_0166","MUT/MUT","KO","M",14,16485.4094371833,1169.97863769531,28772.1875,8977048.63686313,181088,39.1150093078613,2985309824.16064,5.09709308827167,-13.4998498369829,-6.32303887581162,NA,"brain","KO-M"
"240","Scan_0166","MUT/MUT","KO","M",15,17799.0293336118,3566.97143554688,25870.595703125,3994642.77384404,37023,7.99696779251099,658973463.018311,5.3727498939711,-8.10476525941404,-9.68288423235963,NA,"spinal cord","KO-M"
"242","Scan_0170","MUT/MUT","KO","M",1,20885.3571336392,7074.36279296875,28148.42578125,8891523.43278336,5963,1.28800797462463,124539384.587891,4.48329593428786,-7.80112740991654,-9.6999105838417,NA,"lung (left)","KO-M"
"243","Scan_0170","MUT/MUT","KO","M",2,21539.6887066936,8021.4951171875,29269.314453125,9141471.71623489,7023,1.51696801185608,151273233.787109,6.31393563806275,-7.66778587039435,-9.38988029238833,NA,"lung (right)","KO-M"
"244","Scan_0170","MUT/MUT","KO","M",3,20143.6584603555,6092.02099609375,28589.8828125,12168817.4290725,4383,0.946727991104126,88289655.0317383,4.45923001696033,-4.79439915423359,-9.23816109810679,NA,"kidney (left)","KO-M"
"245","Scan_0170","MUT/MUT","KO","M",4,20776.6183181848,8005.724609375,31138.07421875,12678068.6862195,4296,0.927936017513275,89256352.2949219,6.53207796491056,-5.17972556455176,-9.0028652591812,NA,"kidney (right)","KO-M"
"246","Scan_0170","MUT/MUT","KO","M",5,14644.1305929545,2609.72314453125,28377.74609375,31151805.8451008,10936,2.36217594146729,160148212.164551,4.00567419569769,-5.96928147747129,-9.21745795288345,NA,"stomach","KO-M"
"247","Scan_0170","MUT/MUT","KO","M",6,24322.1261906915,2213.63012695312,33179.02734375,8821014.35161386,143442,30.9834728240967,3488814425.04517,5.22407151218266,-6.23718441580797,-7.45974885057907,NA,"liver","KO-M"
"248","Scan_0170","MUT/MUT","KO","M",7,20129.4887167008,14529.921875,26374.65234375,5312220.60346142,305,0.0658800005912781,6139494.05859375,4.92764949160716,-5.66120944585956,-9.53260209405614,NA,"adrenal (left)","KO-M"
"249","Scan_0170","MUT/MUT","KO","M",8,21719.2452136742,15483.751953125,28998.849609375,5624322.2809484,334,0.0721440017223358,7254227.90136719,6.16081588014158,-5.86329052959373,-9.48764656249633,NA,"adrenal (right)","KO-M"
"250","Scan_0170","MUT/MUT","KO","M",9,20111.2866814726,9998.546875,27531.947265625,5110172.39366361,744,0.160704001784325,14962797.2910156,5.4468261177309,-4.29021394083577,-7.29868432567965,NA,"rectum","KO-M"
"251","Scan_0170","MUT/MUT","KO","M",10,19523.3695270722,5752.54638671875,26846.900390625,11001828.1003144,2057,0.444312006235123,40159571.1171875,5.37500283923264,-4.73200393409248,-6.88441946297639,NA,"bladder","KO-M"
"252","Scan_0170","MUT/MUT","KO","M",11,14974.7867394949,2138.830078125,29817.537109375,32481618.8688947,15836,3.42057609558105,237140722.806641,4.47693196068574,-8.21975208992844,-7.60923291240349,NA,"heart","KO-M"
"253","Scan_0170","MUT/MUT","KO","M",12,21161.9739528304,11854.5576171875,25423.048828125,5470388.54025714,769,0.166104003787041,16273557.9697266,4.81982267798931,-9.89871440226451,-8.38229993455589,NA,"thymus (left)","KO-M"
"254","Scan_0170","MUT/MUT","KO","M",13,22045.3593337815,15514.771484375,26135.548828125,3048591.99121342,616,0.133055999875069,13579941.3496094,5.75762628530527,-9.8878322902283,-8.25183681834828,NA,"thymus (right)","KO-M"
"255","Scan_0170","MUT/MUT","KO","M",14,14289.7072906469,-52.8532104492188,29218.087890625,14979657.1934227,192549,41.5905838012695,2751468849.10677,5.22892267078251,-13.4484642651361,-6.45064561152821,NA,"brain","KO-M"
"256","Scan_0170","MUT/MUT","KO","M",15,17881.8620719421,7187.4775390625,27823.951171875,5974811.57590514,30059,6.49274396896362,537510892.020508,5.53043703239433,-7.71652912044503,-9.91589823241481,NA,"spinal cord","KO-M"
"258","Scan_0176","MUT/MUT","KO","M",1,24154.8807335473,13831.46484375,31393.2265625,6102722.51393866,2794,0.603504002094269,67488736.7695312,4.6901321652521,-8.4336721000248,-9.41974841462591,NA,"lung (left)","KO-M"
"259","Scan_0176","MUT/MUT","KO","M",2,24239.9082600482,14147.70703125,31442.1796875,6458792.44969115,4735,1.02276003360748,114775965.611328,6.27458763968475,-8.10595803934721,-9.10874058142782,NA,"lung (right)","KO-M"
"260","Scan_0176","MUT/MUT","KO","M",3,20107.6961692651,9192.23046875,27417.5859375,9507207.31308717,2739,0.591624021530151,55074979.8076172,4.53226953362323,-5.74915407085733,-9.44802794649721,NA,"kidney (left)","KO-M"
"261","Scan_0176","MUT/MUT","KO","M",4,20800.7595248505,11485.77734375,29323.845703125,6200261.03160502,2466,0.532656013965607,51294672.9882812,6.43117938670509,-6.00711587161045,-9.30746444497972,NA,"kidney (right)","KO-M"
"262","Scan_0176","MUT/MUT","KO","M",5,15391.799496002,2716.14013671875,28533.849609375,39225234.927211,7130,1.54007995128632,109743530.406494,4.07930718364957,-6.9359692003028,-9.16431055288863,NA,"stomach","KO-M"
"263","Scan_0176","MUT/MUT","KO","M",6,27541.9990012878,4936.92919921875,45827.19140625,15483778.5522415,76054,16.4276638031006,2094679192.04395,5.35175070442144,-6.81996634723316,-7.67480701057978,NA,"liver","KO-M"
"264","Scan_0176","MUT/MUT","KO","M",7,23394.2992981283,18604.466796875,28909.1640625,5803058.44874359,187,0.0403920002281666,4374733.96875,4.95164843962154,-6.26053091513282,-9.54299991995256,NA,"adrenal (left)","KO-M"
"265","Scan_0176","MUT/MUT","KO","M",8,22507.0839102909,13467.5458984375,27975.373046875,6823471.90210629,145,0.0313199982047081,3263527.16699219,6.10246238024482,-6.72655709990139,-9.48283838574639,NA,"adrenal (right)","KO-M"
"266","Scan_0176","MUT/MUT","KO","M",9,21083.0663489824,15806.349609375,28129.40625,5395847.02909459,324,0.069983996450901,6830913.49707031,5.30008179276077,-5.19856220845823,-7.88403378804523,NA,"rectum","KO-M"
"267","Scan_0176","MUT/MUT","KO","M",10,19783.1360694126,8766.2724609375,25395.998046875,8637972.02189012,955,0.206279993057251,18892894.9462891,5.27539612279761,-5.46963996684486,-7.40489940759144,NA,"bladder","KO-M"
"268","Scan_0176","MUT/MUT","KO","M",11,20650.9277767207,1674.57922363281,50528.80859375,52048885.1903199,7152,1.54483199119568,147695435.459106,4.64984192201754,-8.49230692633061,-7.82336823994692,NA,"heart","KO-M"
"269","Scan_0176","MUT/MUT","KO","M",12,24954.6029467536,19451.853515625,28476.703125,2502716.81394067,309,0.0667439997196198,7710972.31054688,4.37355176758999,-10.7297308528307,-8.00235094014881,NA,"thymus (left)","KO-M"
"270","Scan_0176","MUT/MUT","KO","M",13,22895.0269650071,17905.787109375,26387.09375,3048539.4476344,263,0.0568079985678196,6021392.09179688,5.51723148998652,-9.75209269712179,-8.2108525459667,NA,"thymus (right)","KO-M"
"271","Scan_0176","MUT/MUT","KO","M",14,14120.1657753733,660.943786621094,28399.765625,32076371.0913911,137344,29.6663036346436,1939320048.25287,5.23004777167038,-13.0710171418393,-6.48597538481636,NA,"brain","KO-M"
"272","Scan_0176","MUT/MUT","KO","M",15,19432.2597312664,10348.10546875,27100.578125,5650940.86605125,19100,4.12559986114502,371156160.867188,5.44602544216935,-8.13731850087615,-9.86044495733064,NA,"spinal cord","KO-M"
"274","Scan_0180","MUT/MUT","KO","M",1,23608.0025911969,9481.1494140625,31836.763671875,13034235.2197399,4593,0.99208801984787,108431555.901367,4.00860684295792,-7.73885782739526,-9.41906100337297,NA,"lung (left)","KO-M"
"275","Scan_0180","MUT/MUT","KO","M",2,23943.9855059653,9784.375,32230.80078125,10127464.6757102,4187,0.904392004013062,100253467.313477,5.77420575670563,-7.53525479308972,-9.49908354523031,NA,"lung (right)","KO-M"
"276","Scan_0180","MUT/MUT","KO","M",3,22252.1800490647,8713.3154296875,31024.3671875,14141084.0860771,3468,0.749087989330292,77170560.4101562,4.27410204138308,-4.95637394753293,-9.07649630246286,NA,"kidney (left)","KO-M"
"277","Scan_0180","MUT/MUT","KO","M",4,21998.5881598841,8346.123046875,34188.375,15005883.1824957,3431,0.741096019744873,75477155.9765625,6.184598562518,-5.11945753106151,-8.87747981932866,NA,"kidney (right)","KO-M"
"278","Scan_0180","MUT/MUT","KO","M",5,17090.0912160306,3072.6142578125,28785.3046875,35289916.7210105,6222,1.34395205974579,106334547.546143,3.96664274136609,-6.15938688076793,-8.81011221941757,NA,"stomach","KO-M"
"279","Scan_0180","MUT/MUT","KO","M",6,27032.1680769455,2239.12890625,40099.6171875,17675742.1286202,126198,27.258768081665,3411405546.97437,5.42429754895389,-6.59751718397268,-7.53653794817297,NA,"liver","KO-M"
"280","Scan_0180","MUT/MUT","KO","M",7,21810.4586696688,13484.8212890625,28304.326171875,9739500.26856405,301,0.0650160014629364,6564948.05957031,4.69115845081418,-5.87492002807186,-9.43149779690461,NA,"adrenal (left)","KO-M"
"281","Scan_0180","MUT/MUT","KO","M",8,21854.5044484608,14765.61328125,30418.001953125,8700175.24195451,335,0.0723600015044212,7321258.99023438,5.90385404262259,-5.76001052244386,-9.38019299202536,NA,"adrenal (right)","KO-M"
"282","Scan_0180","MUT/MUT","KO","M",9,20636.8885419507,13602.6396484375,29448.3984375,7973703.78890745,917,0.198072001338005,18924026.7929688,5.31982168532509,-4.45338671671786,-7.20016610356688,NA,"rectum","KO-M"
"283","Scan_0180","MUT/MUT","KO","M",10,20569.2954863727,8421.021484375,37818.57421875,13464198.8700769,1576,0.340416014194489,32417209.6865234,5.39517391534021,-4.79923432727757,-6.86379690141249,NA,"bladder","KO-M"
"284","Scan_0180","MUT/MUT","KO","M",11,18715.958120114,3326.26953125,40841.796875,46711657.3288536,13783,2.97712802886963,257962050.769531,5.37188479216152,-8.63196401046323,-7.49299168303712,NA,"heart","KO-M"
"285","Scan_0180","MUT/MUT","KO","M",12,22956.2657494638,14196.3017578125,27767.349609375,7871235.18056764,408,0.088128000497818,9366156.42578125,4.7386003112793,-10.1074293108547,-8.49614163118246,NA,"thymus (left)","KO-M"
"286","Scan_0180","MUT/MUT","KO","M",13,24197.2952120536,19378.462890625,27362.865234375,1968340.07060447,350,0.0755999982357025,8469053.32421875,5.62317173985073,-10.1900881343842,-8.49350045471189,NA,"thymus (right)","KO-M"
"287","Scan_0180","MUT/MUT","KO","M",14,15828.8014102028,1009.61437988281,35899.08203125,19086641.7324008,175422,37.8911514282227,2776720000.98059,5.26424692344869,-13.3012419052909,-6.29119913789062,NA,"brain","KO-M"
"288","Scan_0180","MUT/MUT","KO","M",15,18543.4751605403,9609.1474609375,30921.015625,3451295.60393802,31758,6.85972785949707,588903684.148438,5.28156271445327,-7.88713880508148,-9.99343803264615,NA,"spinal cord","KO-M"
"290","Scan_0011","WT/WT","WT","IO",1,28375.3723250358,5098.37109375,61566.29296875,25210407.6550959,5952,1.2856320142746,168890216.078613,4.534205149989,-7.87443773115838,-9.56859359987361,NA,"lung (left)","WT-IO"
"291","Scan_0011","WT/WT","WT","IO",2,25498.9938214282,2739.28002929688,44602.52734375,36533219.42556,13203,2.85184788703918,336663215.424316,6.12653941602833,-7.85130931138945,-9.29252276782253,NA,"lung (right)","WT-IO"
"292","Scan_0011","WT/WT","WT","IO",3,23525.0337677974,7837.02099609375,38366.05078125,22567355.0881105,2512,0.542591989040375,59094884.824707,4.56729457879523,-4.9625852681421,-8.71201414897949,NA,"kidney (left)","WT-IO"
"293","Scan_0011","WT/WT","WT","IO",4,24796.485978427,7869.01806640625,38043.04296875,22625487.8583701,2336,0.504576027393341,57924591.2456055,5.98521846196422,-4.93314395630195,-8.75549497525995,NA,"kidney (right)","WT-IO"
"294","Scan_0011","WT/WT","WT","IO",5,19526.1566135419,2013.21606445312,33049.5546875,65600591.4215679,5717,1.23487198352814,111631037.359619,4.12900786769001,-5.65297860141229,-8.51162051768203,NA,"stomach","WT-IO"
"295","Scan_0011","WT/WT","WT","IO",6,35589.5278457603,1909.72717285156,66417.34375,57626043.4928494,69593,15.0320882797241,2476782011.37,5.34068586586063,-6.50649896880663,-7.97641884592791,NA,"liver","WT-IO"
"296","Scan_0011","WT/WT","WT","IO",7,32261.549196391,10687.1396484375,43385.16015625,30401121.570015,297,0.0641520023345947,9581680.11132812,4.70284273552172,-5.47378106367708,-9.31696308097456,NA,"adrenal (left)","WT-IO"
"297","Scan_0011","WT/WT","WT","IO",8,31882.8405437638,15722.16796875,42706.24609375,30235948.9761663,226,0.0488159991800785,7205521.96289062,5.87169765641205,-5.4509483113753,-9.36220487949067,NA,"adrenal (right)","WT-IO"
"298","Scan_0011","WT/WT","WT","IO",9,21910.9923531388,4202.84521484375,31116.302734375,15005103.2117734,622,0.134351998567581,13628637.2436523,5.13361638844972,-4.22030807007546,-6.73658469908492,NA,"rectum","WT-IO"
"299","Scan_0011","WT/WT","WT","IO",10,19854.5723193479,2903.43627929688,59681.515625,57672650.3359091,2045,0.441720008850098,40602600.3930664,5.20366632594923,-5.35246857448196,-6.83673468454074,NA,"bladder","WT-IO"
"300","Scan_0011","WT/WT","WT","IO",11,26530.8268014133,2422.35986328125,65765.375,130146405.249967,6903,1.49104797840118,183142297.410156,5.11655772110112,-8.52215002052073,-7.90873609139178,NA,"heart","WT-IO"
"301","Scan_0011","WT/WT","WT","IO",12,28089.8268428873,11124.1630859375,32641.861328125,8903056.92186758,326,0.0704160034656525,9157283.55078125,5.11700521925475,-9.77436543499763,-8.37444278600027,NA,"thymus (left)","WT-IO"
"302","Scan_0011","WT/WT","WT","IO",13,27408.1267401903,11699.375,33551.19140625,8651381.07951994,266,0.0574560016393661,7290561.71289062,5.57228452180561,-9.79351069077511,-8.25551248478713,NA,"thymus (right)","WT-IO"
"303","Scan_0011","WT/WT","WT","IO",14,21529.9110947298,1358.14685058594,63529.4453125,18112849.128645,124110,26.8077602386475,2672077265.96692,5.05424643165558,-13.3241497249081,-6.05832191954016,NA,"brain","WT-IO"
"304","Scan_0011","WT/WT","WT","IO",15,20839.7637740926,8002.1982421875,36519.859375,6264451.59298016,26569,5.73890399932861,553691683.713867,5.33289817721332,-9.00160206415215,-9.64827130796189,NA,"spinal cord","WT-IO"
"306","Scan_0035","WT/WT","WT","IO",1,30199.3748366699,5164.97216796875,42558.73828125,17355003.0354598,6571,1.41933596134186,198440092.051758,4.42122396064776,-7.88576343494726,-9.62877076364523,NA,"lung (left)","WT-IO"
"307","Scan_0035","WT/WT","WT","IO",2,28329.3896275424,2298.15649414062,46975.73046875,36214537.643475,14313,3.09160804748535,405478553.739014,6.11989982920009,-7.91934455861404,-9.31846402628968,NA,"lung (right)","WT-IO"
"308","Scan_0035","WT/WT","WT","IO",3,27160.4974563136,4294.2705078125,41537.37890625,25306760.1912759,2640,0.570240020751953,71703713.284668,4.85787303855203,-5.14123813438415,-8.46960954562099,NA,"kidney (left)","WT-IO"
"309","Scan_0035","WT/WT","WT","IO",4,27766.1926798026,10843.9931640625,40136.8828125,17935978.3127339,2647,0.57175201177597,73497112.0234375,6.13745939703676,-5.2012996190838,-8.49277827866354,NA,"kidney (right)","WT-IO"
"310","Scan_0035","WT/WT","WT","IO",5,19884.4276316467,2581.08666992188,40163.59375,83576542.6334705,7586,1.6385760307312,150843268.013672,4.21691035609873,-5.69895161975202,-8.31014943968438,NA,"stomach","WT-IO"
"311","Scan_0035","WT/WT","WT","IO",6,38249.4012559341,1620.98596191406,62309.9609375,36847283.7343733,73489,15.8736238479614,2810910248.89734,5.2363523558029,-6.74239775351095,-7.95742608711651,NA,"liver","WT-IO"
"312","Scan_0035","WT/WT","WT","IO",7,34304.3599479167,22300.927734375,48845.546875,32034379.4785613,375,0.0810000002384186,12864134.9804688,4.85748031127928,-5.52432813438414,-9.1507004547119,NA,"adrenal (left)","WT-IO"
"313","Scan_0035","WT/WT","WT","IO",8,35737.9898608934,18568.6875,47061.51171875,31929069.822542,319,0.0689039975404739,11400418.765625,6.03621786613825,-5.61251321275405,-9.16135876192192,NA,"adrenal (right)","WT-IO"
"314","Scan_0035","WT/WT","WT","IO",9,25794.8814545479,10796.65625,35459.46875,16557242.3183193,571,0.123336002230644,14728877.3105469,5.28532535506212,-4.76602929025108,-6.18807348448424,NA,"rectum","WT-IO"
"315","Scan_0035","WT/WT","WT","IO",10,23809.8181961627,9590.6904296875,35025.28125,31764302.8903882,1801,0.389016002416611,42881482.5712891,5.30805061666519,-5.77378297058627,-6.62579207048088,NA,"bladder","WT-IO"
"316","Scan_0035","WT/WT","WT","IO",11,22908.3805503744,2639.58984375,48105.046875,69667556.8040856,7532,1.6269119977951,172545922.30542,5.06194869152361,-8.56770374776719,-7.92002599905619,NA,"heart","WT-IO"
"317","Scan_0035","WT/WT","WT","IO",12,30826.7704678087,14216.98046875,36275.71875,8085108.12512413,415,0.0896399989724159,12793109.7441406,5.02732320284556,-9.90362066450462,-8.58130286435047,NA,"thymus (left)","WT-IO"
"318","Scan_0035","WT/WT","WT","IO",13,30750.2186683931,17750.50390625,37016.54296875,7352524.35071653,359,0.0775440037250519,11039328.5019531,5.54333568732387,-9.9267165466404,-8.4531517081938,NA,"thymus (right)","WT-IO"
"319","Scan_0035","WT/WT","WT","IO",14,21760.875728607,1593.36706542969,49511.3828125,16890194.807995,135035,29.1675605773926,2938479854.01245,5.08264044902067,-13.1143457268593,-6.05967620173698,NA,"brain","WT-IO"
"320","Scan_0035","WT/WT","WT","IO",15,21472.0976004779,4611.48828125,45080.67578125,6663347.34562964,32402,6.99883222579956,695738906.450684,5.37058722566718,-8.77774102000746,-9.60543226138951,NA,"spinal cord","WT-IO"
"322","Scan_0038","WT/WT","WT","IO",1,25989.9463679755,6573.0615234375,35333.53515625,11846273.4396414,8576,1.85241603851318,222889780.051758,4.26823417321961,-7.95707675378713,-9.43775968978678,NA,"lung (left)","WT-IO"
"323","Scan_0038","WT/WT","WT","IO",2,25318.4244117029,3852.2724609375,41446.83203125,22344995.0968757,17631,3.8082959651947,446389140.802734,6.13565663253154,-7.97573196627128,-9.19326638971283,NA,"lung (right)","WT-IO"
"324","Scan_0038","WT/WT","WT","IO",3,22692.9604385409,5007.37548828125,33854.5390625,15171972.0026057,3201,0.691416025161743,72640166.3637695,4.72193676863637,-4.63228569764563,-8.65315593737355,NA,"kidney (left)","WT-IO"
"325","Scan_0038","WT/WT","WT","IO",4,23281.8080776217,5583.32861328125,36373.83203125,17347506.1076523,3314,0.715824007987976,77155911.9692383,6.26517846456837,-4.65477781452899,-8.57947534909943,NA,"kidney (right)","WT-IO"
"326","Scan_0038","WT/WT","WT","IO",5,18487.9309324614,1996.71142578125,33553.69140625,59772679.5614446,7367,1.59127199649811,136200587.179443,4.10799355140418,-5.41984852531673,-8.66338132888043,NA,"stomach","WT-IO"
"327","Scan_0038","WT/WT","WT","IO",6,34137.6316482412,1938.53674316406,54934.8359375,33761269.3220659,96150,20.7684001922607,3282333282.97839,5.34796255776876,-6.46033899241841,-8.02516036110948,NA,"liver","WT-IO"
"328","Scan_0038","WT/WT","WT","IO",7,32204.8993126321,10822.3447265625,42438.08984375,21301259.4729166,414,0.0894239991903305,13332828.3154297,4.84657132577204,-5.16260407641313,-9.35881639674091,NA,"adrenal (left)","WT-IO"
"329","Scan_0038","WT/WT","WT","IO",8,32692.9542677859,19288.3125,42985.71484375,23871378.0144087,376,0.081216000020504,12292550.8046875,6.08269605596016,-5.21028600672457,-9.28660471003108,NA,"adrenal (right)","WT-IO"
"330","Scan_0038","WT/WT","WT","IO",9,22101.3793334093,8132.83740234375,31460.724609375,14984391.9435705,703,0.151848003268242,15537269.6713867,5.33868565978567,-4.13697746582083,-6.44171041203763,NA,"rectum","WT-IO"
"331","Scan_0038","WT/WT","WT","IO",10,19509.8404219034,92.9701919555664,31143.41015625,27538829.051669,2465,0.532440006732941,48091756.6399918,5.35320477375395,-5.31204188691966,-6.68016901454969,NA,"bladder","WT-IO"
"332","Scan_0038","WT/WT","WT","IO",11,21896.220327633,2871.9775390625,38312.890625,42764182.4131928,8615,1.86083996295929,188635938.122559,4.95730953936987,-8.57260653252695,-7.76297903857771,NA,"heart","WT-IO"
"333","Scan_0038","WT/WT","WT","IO",12,26551.6523277079,14268.048828125,30678.17578125,5607251.62484967,487,0.105191998183727,12930654.6835938,4.95839497247025,-9.9424347462938,-8.45764090645726,NA,"thymus (left)","WT-IO"
"334","Scan_0038","WT/WT","WT","IO",13,26145.9276449548,13901.435546875,30705.974609375,5231107.97551959,415,0.0896399989724159,10850559.9726562,5.51657621489376,-10.040391748842,-8.38973659929024,NA,"thymus (right)","WT-IO"
"335","Scan_0038","WT/WT","WT","IO",14,22062.2694896791,2555.07861328125,37043.7890625,18702491.301782,128698,27.7987689971924,2839369958.78271,5.22068425974724,-13.3175663484973,-6.01690567934496,NA,"brain","WT-IO"
"336","Scan_0038","WT/WT","WT","IO",15,19648.7220622822,7478.552734375,34789.92578125,5581681.84823147,35972,7.76995182037354,706803830.024414,5.39138970302816,-8.38379370538492,-9.70323575994564,NA,"spinal cord","WT-IO"
"338","Scan_0044","WT/WT","WT","IO",1,27429.8003956063,7700.36181640625,37120.171875,9845005.40027014,5999,1.29578399658203,164551372.573242,4.28320441196276,-7.9581637469863,-9.45103384361033,NA,"lung (left)","WT-IO"
"339","Scan_0044","WT/WT","WT","IO",2,26809.702223679,3703.20263671875,43505.296875,20566894.7801074,12382,2.67451190948486,331957732.933594,6.08282418464388,-8.01497270876626,-9.27498247700249,NA,"lung (right)","WT-IO"
"340","Scan_0044","WT/WT","WT","IO",3,25292.2733386812,6881.02294921875,44105.8828125,19601480.4837525,2688,0.580608010292053,67985630.734375,4.82712709699358,-5.01252384866985,-8.53578974042623,NA,"kidney (left)","WT-IO"
"341","Scan_0044","WT/WT","WT","IO",4,26604.6840911973,8085.20849609375,38723.04296875,20374659.5568895,2557,0.552312016487122,68028177.2211914,6.20286311925739,-5.02874312069623,-8.53539345432079,NA,"kidney (right)","WT-IO"
"342","Scan_0044","WT/WT","WT","IO",5,19969.8547417342,4088.10498046875,37798.015625,79370554.7665767,6774,1.46318399906158,135275796.020508,4.17648339365309,-5.75671134076151,-8.48357910838768,NA,"stomach","WT-IO"
"343","Scan_0044","WT/WT","WT","IO",6,36723.1077513605,2295.59130859375,57159.76953125,42661847.6481773,80690,17.4290409088135,2963187564.45728,5.37054107221608,-6.71399092283371,-8.03369388636207,NA,"liver","WT-IO"
"344","Scan_0044","WT/WT","WT","IO",7,32792.7983094089,7349.9736328125,43792.796875,24725765.6596585,369,0.0797040015459061,12100542.5761719,4.85209624623863,-5.45912228072561,-9.1705378530859,NA,"adrenal (left)","WT-IO"
"345","Scan_0044","WT/WT","WT","IO",8,34629.6834784836,16790.3046875,45835.359375,31361806.0926821,305,0.0658800005912781,10562053.4609375,6.0898789998039,-5.52212747864644,-9.20014307766274,NA,"adrenal (right)","WT-IO"
"346","Scan_0044","WT/WT","WT","IO",9,24130.8391285832,11226.205078125,34918.55078125,16193479.1407677,665,0.143639996647835,16047008.0205078,5.46293113834697,-4.32863851032399,-6.49674556749385,NA,"rectum","WT-IO"
"347","Scan_0044","WT/WT","WT","IO",10,22901.8620707483,1819.3408203125,44988.8359375,48880722.2860775,2465,0.532440006732941,56453090.0043945,5.36440152831783,-5.44241105527665,-6.66916698615213,NA,"bladder","WT-IO"
"348","Scan_0044","WT/WT","WT","IO",11,22744.1796186334,4888.9853515625,40027.35546875,33714720.813148,6835,1.47635996341705,155456467.693359,5.06008970411032,-8.61768784177276,-7.92502964271495,NA,"heart","WT-IO"
"349","Scan_0044","WT/WT","WT","IO",12,28444.7122323495,11190.05859375,33146.28515625,8277813.61783351,405,0.0874800011515617,11520108.4541016,4.96052623720521,-9.79796961586563,-8.59084860286007,NA,"thymus (left)","WT-IO"
"350","Scan_0044","WT/WT","WT","IO",13,28969.7085380964,15015.474609375,33580.26953125,4435656.83632987,372,0.0803520008921623,10776731.5761719,5.47682611773091,-9.82352039244866,-8.50053916438931,NA,"thymus (right)","WT-IO"
"351","Scan_0044","WT/WT","WT","IO",14,22490.5347861616,3180.99560546875,45284.9296875,21497614.1389652,124827,26.9626312255859,2807425985.7522,5.22907112288195,-12.8914957529279,-6.07309080295262,NA,"brain","WT-IO"
"352","Scan_0044","WT/WT","WT","IO",15,20587.649866726,5828.0087890625,38538.5546875,7792932.64683641,33395,7.21331977844238,687524567.299316,5.35491233403679,-8.46921518933236,-9.66541283680335,NA,"spinal cord","WT-IO"
"354","Scan_0086","WT/WT","WT","IO",1,27690.2940446003,6618.69580078125,38524.8984375,11622032.6606158,6644,1.43510401248932,183974313.632324,4.32883209935878,-7.86566212595553,-9.51129046073275,NA,"lung (left)","WT-IO"
"355","Scan_0086","WT/WT","WT","IO",2,25175.6788742671,3644.48901367188,37601.73046875,24818799.303213,15870,3.42792010307312,399538023.734619,6.07606722999381,-7.93108170716313,-9.22563429214087,NA,"lung (right)","WT-IO"
"356","Scan_0086","WT/WT","WT","IO",3,24050.6391308913,9129.669921875,35551.84375,17622202.7529466,2753,0.594648003578186,66211409.5273438,4.78266860041842,-4.83083757136198,-8.67925112670612,NA,"kidney (left)","WT-IO"
"357","Scan_0086","WT/WT","WT","IO",4,25027.0834247794,9864.0927734375,35572.48046875,15616081.0883531,2862,0.6181920170784,71627512.7617188,6.21048710373212,-4.84748603794807,-8.62405475240596,NA,"kidney (right)","WT-IO"
"358","Scan_0086","WT/WT","WT","IO",5,19794.6140358496,3243.8955078125,37948.01953125,70391485.332091,6583,1.42192804813385,130307944.197998,4.19059788077652,-5.57724219788111,-8.61393302344943,NA,"stomach","WT-IO"
"359","Scan_0086","WT/WT","WT","IO",6,35682.4527748606,1911.6875,57015.19921875,36201800.788066,83960,18.1353607177734,2995898734.97729,5.29981827221296,-6.5518494969376,-8.00272260811627,NA,"liver","WT-IO"
"360","Scan_0086","WT/WT","WT","IO",7,33153.784539613,12970.9658203125,40515.98046875,18071489.723637,369,0.0797040015459061,12233746.4951172,4.85990112428741,-5.37733366283943,-9.31070045471193,NA,"adrenal (left)","WT-IO"
"361","Scan_0086","WT/WT","WT","IO",8,34384.4290588379,16538.5625,45971.9375,23530079.0448838,320,0.0691199973225594,11003017.2988281,6.03253781127931,-5.40467563438415,-9.23663795471194,NA,"adrenal (right)","WT-IO"
"362","Scan_0086","WT/WT","WT","IO",9,23598.5979416821,8368.7255859375,33059.234375,15389997.2404392,609,0.13154399394989,14371546.1464844,5.2824426758113,-4.18044872551714,-6.59464134141142,NA,"rectum","WT-IO"
"363","Scan_0086","WT/WT","WT","IO",10,20344.0249631202,1621.49401855469,35187.23046875,33232049.6149328,2123,0.458568006753922,43190364.9967041,5.29968368386527,-5.3242526186046,-6.81511873073637,NA,"bladder","WT-IO"
"364","Scan_0086","WT/WT","WT","IO",11,23617.1558506328,4467.70947265625,45323.88671875,37603401.9942783,6870,1.48391997814178,162249860.693848,5.06062651215267,-8.54888114748476,-7.88945154641511,NA,"heart","WT-IO"
"365","Scan_0086","WT/WT","WT","IO",12,27845.8975103587,12989.7138671875,32399.61328125,5509354.53722748,494,0.106703996658325,13755873.3701172,4.91896468374891,-9.73614805341252,-8.55657090005604,NA,"thymus (left)","WT-IO"
"366","Scan_0086","WT/WT","WT","IO",13,27461.0259555785,11673.28515625,31561.009765625,4490433.89750693,484,0.104543998837471,13291136.5625,5.44942675756029,-9.79279391950812,-8.43958475223254,NA,"thymus (right)","WT-IO"
"367","Scan_0086","WT/WT","WT","IO",14,20693.0022193874,1480.88598632812,39877.19921875,17355788.4445282,137373,29.6725673675537,2842659793.88391,5.08930940258482,-13.1700293979505,-6.11107126993504,NA,"brain","WT-IO"
"368","Scan_0086","WT/WT","WT","IO",15,20892.2052893765,5767.2783203125,38660.08984375,8042661.65075781,32209,6.95714378356934,672917040.165527,5.30382680076963,-8.60392680059631,-9.6762870919856,NA,"spinal cord","WT-IO"
"370","Scan_0093","WT/WT","WT","IO",1,24185.6815886629,6465.14990234375,33751.8046875,9050666.94972791,7790,1.6826399564743,188406459.575684,4.25171456031654,-7.97764859651515,-9.39454641106669,NA,"lung (left)","WT-IO"
"371","Scan_0093","WT/WT","WT","IO",2,23446.3262442707,2888.21484375,39874.3359375,18410144.7031322,16440,3.55103993415833,385457603.455811,6.13806381492884,-7.93353922927478,-9.26641213354405,NA,"lung (right)","WT-IO"
"372","Scan_0093","WT/WT","WT","IO",3,21519.961182555,5276.9033203125,30412.19921875,16889135.2441879,2937,0.634392023086548,63204125.9931641,4.52957068921598,-4.7299222508295,-8.7705370226385,NA,"kidney (left)","WT-IO"
"373","Scan_0093","WT/WT","WT","IO",4,21945.5589641402,4290.046875,32431.00390625,14387109.8571286,3359,0.725543975830078,73715132.5605469,6.04375660779612,-4.64962061428888,-8.82607407781398,NA,"kidney (right)","WT-IO"
"374","Scan_0093","WT/WT","WT","IO",5,17338.7385982881,2004.24377441406,32626.888671875,55535640.3078687,7507,1.62151205539703,130161910.657349,3.98830858355851,-5.54715497866291,-8.55900203989883,NA,"stomach","WT-IO"
"375","Scan_0093","WT/WT","WT","IO",6,30211.2387270596,3220.83544921875,43893.08984375,26072974.3512956,107212,23.1577911376953,3239007326.40552,5.33432299157568,-6.47239825638605,-7.94997385694503,NA,"liver","WT-IO"
"376","Scan_0093","WT/WT","WT","IO",7,28987.9737457825,17336.412109375,36856.46875,12734798.5325214,389,0.0840239971876144,11276321.7871094,4.58975712361863,-5.27292001099083,-9.39738425933917,NA,"adrenal (left)","WT-IO"
"377","Scan_0093","WT/WT","WT","IO",8,29802.6666875,11369.724609375,38513.40234375,15982136.4273141,375,0.0810000002384186,11176000.0078125,5.9266003112793,-5.28160813438414,-9.48222045471189,NA,"adrenal (right)","WT-IO"
"378","Scan_0093","WT/WT","WT","IO",9,21281.2140849026,12259.5625,31985.255859375,12339455.1840983,619,0.133704006671906,13173071.5185547,5.21927882501111,-3.93288878058771,-6.6397796146473,NA,"rectum","WT-IO"
"379","Scan_0093","WT/WT","WT","IO",10,19113.3369976379,2172.53173828125,29091.072265625,25742218.4853064,2039,0.440423995256424,38972094.1381836,5.33674646135287,-5.0664989239869,-6.68841502067567,NA,"bladder","WT-IO"
"380","Scan_0093","WT/WT","WT","IO",11,18714.9273983412,2325.32666015625,32550.513671875,41287570.9900889,8337,1.80079197883606,156026349.719971,5.24038512596085,-8.60153023585954,-7.71065727371158,NA,"heart","WT-IO"
"381","Scan_0093","WT/WT","WT","IO",12,24427.9082641602,13572.8955078125,27894.01171875,4586228.41338709,448,0.0967679992318153,10943702.9023438,5.01998423985072,-9.96984527724129,-8.47270938328331,NA,"thymus (left)","WT-IO"
"382","Scan_0093","WT/WT","WT","IO",13,24570.140160291,12273.68359375,28360.08203125,5012321.89273774,435,0.0939600020647049,10688010.9697266,5.57735893196896,-10.0122122723152,-8.38449355816021,NA,"thymus (right)","WT-IO"
"383","Scan_0093","WT/WT","WT","IO",14,19363.3132252094,2104.73291015625,36394.7734375,18231720.5929573,137227,29.6410312652588,2657169383.95581,5.05273645066808,-13.253304620935,-6.12588653325079,NA,"brain","WT-IO"
"384","Scan_0093","WT/WT","WT","IO",15,18332.8422879751,8542.1201171875,36512.85546875,5879977.97303497,37416,8.08185577392578,685941627.046875,5.26031455117649,-8.45279313759176,-9.75607890243175,NA,"spinal cord","WT-IO"
"386","Scan_0095","WT/WT","WT","IO",1,28070.2100640106,7868.5244140625,40418.53515625,13937227.971886,5751,1.2422159910202,161431778.078125,4.24346207445092,-7.80817097215156,-9.45021010520769,NA,"lung (left)","WT-IO"
"387","Scan_0095","WT/WT","WT","IO",2,25305.2267686937,2295.30932617188,39614.76953125,32126695.8308776,12964,2.80022406578064,328056959.829346,6.02020938255358,-7.97508825780287,-9.20415000731947,NA,"lung (right)","WT-IO"
"388","Scan_0095","WT/WT","WT","IO",3,22167.4908374118,8283.138671875,35905.38671875,16805608.2738185,2570,0.55511999130249,56970451.4521484,4.7987170427968,-4.79879163632966,-8.71168099945905,NA,"kidney (left)","WT-IO"
"389","Scan_0095","WT/WT","WT","IO",4,22895.3150442662,9816.787109375,33663.90234375,13788346.0495717,2815,0.608039975166321,64450311.8496094,6.11054347291339,-4.82870127825625,-8.72024930018263,NA,"kidney (right)","WT-IO"
"390","Scan_0095","WT/WT","WT","IO",5,17093.6526380926,1760.16259765625,34715.21875,70782999.23372,7961,1.7195760011673,136082568.651855,4.12640586334563,-5.47078885037467,-8.61176564752667,NA,"stomach","WT-IO"
"391","Scan_0095","WT/WT","WT","IO",6,33118.540872803,1058.10388183594,64264.53125,38093034.9903224,86807,18.7503128051758,2874921177.54541,5.34947754468188,-6.54095961709841,-8.05780587247744,NA,"liver","WT-IO"
"392","Scan_0095","WT/WT","WT","IO",7,31156.9334166284,17329.150390625,42176.95703125,19118914.6604971,408,0.088128000497818,12712028.8339844,4.79198266422046,-5.28110578144297,-9.36422986647663,NA,"adrenal (left)","WT-IO"
"393","Scan_0095","WT/WT","WT","IO",8,31127.5040677388,7726.27783203125,41675.42578125,25641304.3371504,384,0.0829439982771873,11952961.5620117,6.0146940612793,-5.36730063438414,-9.35366920471192,NA,"adrenal (right)","WT-IO"
"394","Scan_0095","WT/WT","WT","IO",9,22098.2733939035,8304.9169921875,32611.0625,15442300.8907531,560,0.120959997177124,12375033.1005859,5.1833503112793,-4.19238099152701,-6.48255759756905,NA,"rectum","WT-IO"
"395","Scan_0095","WT/WT","WT","IO",10,19982.6153607889,8250.1240234375,29431.455078125,23422624.305857,1630,0.35207998752594,32571663.0380859,5.20372914563512,-5.2144758644455,-6.8410194731168,NA,"bladder","WT-IO"
"396","Scan_0095","WT/WT","WT","IO",11,22863.9392639666,1895.35229492188,43705.5703125,38151298.6708347,6514,1.40702402591705,148935700.365479,4.98989291183194,-8.47216083932753,-7.77043947835327,NA,"heart","WT-IO"
"397","Scan_0095","WT/WT","WT","IO",12,26264.9411089239,12168.404296875,31910.142578125,5458228.74335118,381,0.0822959989309311,10006942.5625,4.76064755537378,-9.63204718950227,-8.42266895864893,NA,"thymus (left)","WT-IO"
"398","Scan_0095","WT/WT","WT","IO",13,26015.9848745841,14851.2431640625,30264.80078125,4596332.98937394,432,0.0933120027184486,11238905.4658203,5.2984614223904,-9.69879368993971,-8.31778378804525,NA,"thymus (right)","WT-IO"
"399","Scan_0095","WT/WT","WT","IO",14,19400.7703252199,933.747009277344,36275.32421875,15729690.3298617,142440,30.7670402526855,2763445725.12433,5.24646846629157,-13.2139392717045,-6.17362210593243,NA,"brain","WT-IO"
"400","Scan_0095","WT/WT","WT","IO",15,19504.5201481603,6199.796875,40460.05859375,7170150.32429803,32422,7.00315189361572,632375552.243652,5.19738878823956,-8.44538999114921,-9.63517827841004,NA,"spinal cord","WT-IO"
"402","Scan_0113","WT/WT","WT","IO",1,25486.3926222691,5021.3251953125,35674.76953125,14351807.3810879,5796,1.2519359588623,147719131.638672,4.32909720568925,-7.89018171616471,-9.42710832220686,NA,"lung (left)","WT-IO"
"403","Scan_0113","WT/WT","WT","IO",2,23706.2521736373,2148.68237304688,42319.2109375,27536005.812021,12988,2.80540800094604,307896803.231201,6.01479680034616,-7.91899075218521,-9.26681379009843,NA,"lung (right)","WT-IO"
"404","Scan_0113","WT/WT","WT","IO",3,21741.2338575082,5321.228515625,32293.27734375,15853667.6423092,1471,0.317735999822617,31981355.0043945,4.52923253425686,-4.90674510243311,-8.62345368380771,NA,"kidney (left)","WT-IO"
"405","Scan_0113","WT/WT","WT","IO",4,22986.4437341556,6457.36865234375,33493.96875,15887427.9684924,2564,0.553824007511139,58937241.734375,5.86612761237131,-4.91278766636542,-8.76978781820648,NA,"kidney (right)","WT-IO"
"406","Scan_0113","WT/WT","WT","IO",5,17051.8640504673,1815.41345214844,31670.201171875,54647388.9136742,6864,1.48262405395508,117043994.842407,3.98817198960097,-5.63022240011849,-8.38532458058614,NA,"stomach","WT-IO"
"407","Scan_0113","WT/WT","WT","IO",6,30631.2411378198,2739.13598632812,60745.6640625,29637604.3683775,84911,18.3407764434814,2600929316.25342,5.39631509499367,-6.61539626171743,-7.98665998881078,NA,"liver","WT-IO"
"408","Scan_0113","WT/WT","WT","IO",7,29798.6814022289,13066.2255859375,38039.94140625,17865189.5479846,340,0.0734400004148483,10131551.6767578,4.4945414877499,-5.36972342850179,-9.15593574882955,NA,"adrenal (left)","WT-IO"
"409","Scan_0113","WT/WT","WT","IO",8,30343.3473579545,16120.216796875,42634.58984375,22635754.0859024,275,0.0593999996781349,8344420.5234375,5.72718212946112,-5.47277904347506,-9.34102772743919,NA,"adrenal (right)","WT-IO"
"410","Scan_0113","WT/WT","WT","IO",9,21647.2433427947,7830.17529296875,30398.48046875,11243057.1326002,642,0.13867199420929,13897530.2260742,5.24906760099891,-4.18598346148694,-6.65658830517922,NA,"rectum","WT-IO"
"411","Scan_0113","WT/WT","WT","IO",10,17960.6839351214,1661.68041992188,29194.837890625,29321208.7914264,2295,0.495719999074936,41219769.6311035,5.30016893873028,-5.32652735007043,-6.80777235013671,NA,"bladder","WT-IO"
"412","Scan_0113","WT/WT","WT","IO",11,20256.0774374952,1236.62219238281,37215.49609375,32025536.8568309,7085,1.53035998344421,143514308.644653,5.12512395277543,-8.59821572789173,-7.85875973488149,NA,"heart","WT-IO"
"413","Scan_0113","WT/WT","WT","IO",12,24609.2449725116,13326.71875,28800.3359375,4126624.51399466,351,0.0758159980177879,8637844.98535156,5.04082253350151,-9.8843171942132,-8.52899105300247,NA,"thymus (left)","WT-IO"
"414","Scan_0113","WT/WT","WT","IO",13,24566.1274237575,12759.9267578125,29398.119140625,5914250.02761334,332,0.071712002158165,8155954.3046875,5.60028705826725,-9.94677729101064,-8.44359202097699,NA,"thymus (right)","WT-IO"
"415","Scan_0113","WT/WT","WT","IO",14,18525.8460124151,1506.37939453125,32532.0390625,14556079.6655835,141539,30.5724239349365,2622129718.75122,5.03108520943395,-13.1104204922497,-6.07936690000043,NA,"brain","WT-IO"
"416","Scan_0113","WT/WT","WT","IO",15,18385.1657249845,4788.9970703125,36307.0625,6965085.88339645,33849,7.3113842010498,622319474.625,5.25450920075897,-8.55706812197673,-9.68601375790907,NA,"spinal cord","WT-IO"
"418","Scan_0195","WT/WT","WT","IO",1,27478.402391547,3266.25317382812,35013.15234375,11611355.7216961,6298,1.36036801338196,173058978.261963,4.38907030175249,-7.85536142749313,-9.55075761571576,NA,"lung (left)","WT-IO"
"419","Scan_0195","WT/WT","WT","IO",2,25473.7874073472,2616.34375,39362.70703125,20910967.5301079,14658,3.16612792015076,373394775.816895,6.1006387885613,-7.93916271481813,-9.26336521115828,NA,"lung (right)","WT-IO"
"420","Scan_0195","WT/WT","WT","IO",3,22892.264891185,7549.37939453125,33874.4140625,16430264.5246305,2804,0.605664014816284,64189910.7548828,4.74322227989555,-4.94783335549683,-8.64064339337107,NA,"kidney (left)","WT-IO"
"421","Scan_0195","WT/WT","WT","IO",4,23249.2712879155,6598.0087890625,32611.5625,13404663.1915594,2980,0.643679976463318,69282828.4379883,6.11272111664842,-4.94717940955192,-8.6386803204838,NA,"kidney (right)","WT-IO"
"422","Scan_0195","WT/WT","WT","IO",5,17812.8623070535,2442.11108398438,35364.046875,57193578.4497508,7120,1.53791999816895,126827579.626221,4.12387840116696,-5.62810611191231,-8.61503753336351,NA,"stomach","WT-IO"
"423","Scan_0195","WT/WT","WT","IO",6,32603.7924181502,4459.88037109375,49693.67578125,26724886.514226,82082,17.7297115325928,2676184489.2666,5.38677019018068,-6.58240533912992,-8.06003648453424,NA,"liver","WT-IO"
"424","Scan_0195","WT/WT","WT","IO",7,30570.2726344385,16096.24609375,39648.015625,20249172.3911813,394,0.0851040035486221,12044687.4179688,4.74590995594934,-5.35271148463796,-9.34237558161548,NA,"adrenal (left)","WT-IO"
"425","Scan_0195","WT/WT","WT","IO",8,31303.1971796384,18880.212890625,40419,15055941.4238718,318,0.0686879977583885,9954416.703125,5.95463804712837,-5.43845039853509,-9.31692686980626,NA,"adrenal (right)","WT-IO"
"426","Scan_0195","WT/WT","WT","IO",9,25379.0440714152,11770.0751953125,35604.17578125,15538080.6188813,666,0.143856003880501,16902443.3515625,5.36049220317117,-4.47863227852831,-6.43664640065784,NA,"rectum","WT-IO"
"427","Scan_0195","WT/WT","WT","IO",10,21013.038565969,5840.02978515625,31343.06640625,23819670.2300703,1894,0.409103989601135,39798695.0439453,5.24467211698152,-5.56738148179703,-6.5981238971617,NA,"bladder","WT-IO"
"428","Scan_0195","WT/WT","WT","IO",11,22882.7516273419,2379.0078125,38541.1484375,44648379.2342549,6205,1.34028005599976,141987473.847656,5.06260031127928,-8.50131005219254,-7.87150303327773,NA,"heart","WT-IO"
"429","Scan_0195","WT/WT","WT","IO",12,27706.8272363744,16827.25,31838.193359375,4551289.59594437,422,0.0911519974470139,11692281.09375,4.98528277573427,-9.69008055144577,-8.52814121300569,NA,"thymus (left)","WT-IO"
"430","Scan_0195","WT/WT","WT","IO",13,27852.5344131098,17618.34375,31366.544921875,4023597.98855762,410,0.0885600000619888,11419539.109375,5.51186860396223,-9.8030735002378,-8.43791996690703,NA,"thymus (right)","WT-IO"
"431","Scan_0195","WT/WT","WT","IO",14,21801.4306721915,1622.52758789062,35151.30859375,15162543.7744389,121349,26.2113838195801,2645581810.63977,5.0922383305453,-12.7997817091148,-6.11615101466547,NA,"brain","WT-IO"
"432","Scan_0195","WT/WT","WT","IO",15,21251.7453693881,8590.875,31590.884765625,5530380.85606309,28867,6.23527193069458,613474133.578125,5.3004390891224,-8.4237516532813,-9.58711158160367,NA,"spinal cord","WT-IO"
"434","Scan_0082","MUT/MUT","KO","IO",1,26801.715538992,4214.46826171875,38795.37890625,33045949.2458389,4544,0.981504023075104,121786995.40918,4.39006157888494,-8.05132792311654,-9.47247862372614,NA,"lung (left)","KO-IO"
"435","Scan_0082","MUT/MUT","KO","IO",2,22951.7507599812,1444.54528808594,43356.4375,84086807.8770093,11224,2.42438411712646,257610450.530029,6.16200195062367,-8.0743651835644,-9.06462240766986,NA,"lung (right)","KO-IO"
"436","Scan_0082","MUT/MUT","KO","IO",3,17999.7573078565,2432.94921875,35203.7109375,60981891.6262219,3775,0.815400004386902,67949083.8371582,4.51555925167665,-5.11602720723184,-8.79856270636756,NA,"kidney (left)","KO-IO"
"437","Scan_0082","MUT/MUT","KO","IO",4,18588.7634460862,880.4052734375,39586.5078125,78363610.5062989,4144,0.895103991031647,77031835.7205811,6.32437251205149,-5.07461844326447,-8.63525161301309,NA,"kidney (right)","KO-IO"
"438","Scan_0082","MUT/MUT","KO","IO",5,15661.3719337693,1316.08447265625,41680.38671875,70939160.4662261,9455,2.04227995872498,148078271.633789,3.96142421397625,-6.01014863147561,-8.76375809617131,NA,"stomach","KO-IO"
"439","Scan_0082","MUT/MUT","KO","IO",6,34295.6085567624,1232.43444824219,54060.296875,57918699.8636271,114267,24.6816711425781,3918856302.95557,5.31829576140894,-6.62002070284217,-7.66535612957767,NA,"liver","KO-IO"
"440","Scan_0082","MUT/MUT","KO","IO",7,21226.1870046649,4375.1845703125,30824.607421875,31153976.4103561,623,0.134568005800247,13223914.5039062,4.52778169169666,-5.59700819858961,-9.39988183512916,NA,"adrenal (left)","KO-IO"
"441","Scan_0082","MUT/MUT","KO","IO",8,24332.3031852816,8463.1513671875,36989.890625,26145241.0574176,810,0.174960002303123,19709165.5800781,6.18385957053855,-5.65708072697674,-9.29551526952664,NA,"adrenal (right)","KO-IO"
"442","Scan_0082","MUT/MUT","KO","IO",9,20432.0231986856,1565.09191894531,29482.1640625,13959375.2425046,848,0.183167994022369,17326355.6724854,5.25638333014721,-4.13323813438417,-6.85430894527796,NA,"rectum","KO-IO"
"443","Scan_0082","MUT/MUT","KO","IO",10,18250.7582511706,803.750122070312,36829.5390625,82066613.4190965,2527,0.545831978321075,46119666.100708,5.23313137578267,-5.16152018820291,-6.80656115910443,NA,"bladder","KO-IO"
"444","Scan_0082","MUT/MUT","KO","IO",11,20801.226151501,3256.546875,43356.38671875,69828353.9396296,12213,2.63800811767578,254045374.988281,5.03974990597347,-8.62030734342355,-7.45542656623293,NA,"heart","KO-IO"
"445","Scan_0082","MUT/MUT","KO","IO",12,26482.0219180919,8685.7119140625,31828.3515625,8955091.36529708,349,0.0753839984536171,9242225.64941406,4.88490403620765,-10.2129122031521,-8.38766320542826,NA,"thymus (left)","KO-IO"
"446","Scan_0082","MUT/MUT","KO","IO",13,24770.7724874206,8339.798828125,31346.779296875,21976292.0471277,295,0.0637200027704239,7307377.88378906,5.67399014178778,-10.2091661004858,-8.25429367505093,NA,"thymus (right)","KO-IO"
"447","Scan_0082","MUT/MUT","KO","IO",14,20845.4195957086,2197.53442382812,37214.30859375,15998285.2068548,128699,27.7989845275879,2682784656.5481,5.2911733693445,-13.4497618350356,-6.38689032409657,NA,"brain","KO-IO"
"448","Scan_0082","MUT/MUT","KO","IO",15,20757.4170406129,7440.2109375,39068.3828125,10016687.5945927,31157,6.72991180419922,646738842.734375,5.4052729691095,-8.13035455284521,-9.64810585317753,NA,"spinal cord","KO-IO"
"450","Scan_0105","MUT/MUT","KO","IO",1,25955.34747457,908.933959960938,65553.5625,115498720.071431,4239,0.915624022483826,110024717.944702,4.37922309967278,-8.39626449673376,-9.32934164367136,NA,"lung (left)","KO-IO"
"451","Scan_0105","MUT/MUT","KO","IO",2,14815.1673980047,-26.115909576416,38970.60546875,121868914.221088,10281,2.22069597244263,152314736.018887,6.06580194536172,-8.49146800015585,-9.18193477043985,NA,"lung (right)","KO-IO"
"452","Scan_0105","MUT/MUT","KO","IO",3,19374.4912518368,1260.67272949219,40010.79296875,34477559.8418461,2528,0.546047985553741,48978713.8846436,4.58981075431727,-5.46346756476391,-8.94711659395236,NA,"kidney (left)","KO-IO"
"453","Scan_0105","MUT/MUT","KO","IO",4,20726.2022688556,1353.56555175781,35088.1875,27978934.0173168,3103,0.670247972011566,64313405.6402588,6.32031478114718,-5.80801375475155,-8.91866049338416,NA,"kidney (right)","KO-IO"
"454","Scan_0105","MUT/MUT","KO","IO",5,14551.6470636112,2072.73657226562,40889.90625,55515406.0277021,8219,1.7753039598465,119599987.21582,3.90882053271742,-6.28136853345939,-8.81377138791501,NA,"stomach","KO-IO"
"455","Scan_0105","MUT/MUT","KO","IO",6,30238.7377177549,1116.78234863281,64242.5625,54429087.6197939,94863,20.4904079437256,2868537376.11938,5.24403087957266,-7.01420572712349,-7.72964609209825,NA,"liver","KO-IO"
"456","Scan_0105","MUT/MUT","KO","IO",7,21053.8651359543,6214.0712890625,29285.3984375,10796331.847542,511,0.110376000404358,10758525.0844727,4.62799365765894,-6.0432356882002,-9.36870436860622,NA,"adrenal (left)","KO-IO"
"457","Scan_0105","MUT/MUT","KO","IO",8,23838.3365008068,12046.30859375,31388.099609375,7880619.53240797,397,0.0857520028948784,9463819.59082031,6.19870106694681,-6.39970224017764,-9.33956695345249,NA,"adrenal (right)","KO-IO"
"458","Scan_0105","MUT/MUT","KO","IO",9,18549.7822408711,8694.65625,28292.169921875,9066575.55181778,546,0.117936000227928,10128181.1035156,5.47189701457602,-4.43888373877975,-7.20366748767896,NA,"rectum","KO-IO"
"459","Scan_0105","MUT/MUT","KO","IO",10,22755.3792072665,5234.603515625,49346.3515625,45910304.3463326,1262,0.272592008113861,28717288.5595703,5.3706446852888,-5.31073219143644,-7.17832327563102,NA,"bladder","KO-IO"
"460","Scan_0105","MUT/MUT","KO","IO",11,19108.0535091342,1059.79760742188,52638.55078125,93397391.2391991,6966,1.50465595722198,133106700.744629,4.88568902790291,-8.82745109734716,-7.67919313343712,NA,"heart","KO-IO"
"461","Scan_0105","MUT/MUT","KO","IO",12,14799.4775305742,2396.37280273438,46018.57421875,56648903.5427592,604,0.130464002490044,8938884.4284668,5.07416322518658,-10.0269715780927,-8.387654097096,NA,"thymus (left)","KO-IO"
"462","Scan_0105","MUT/MUT","KO","IO",13,25278.5335878314,10096.1865234375,38335.15625,12651885.5653989,396,0.085536003112793,10010299.3007812,5.68814576582475,-10.0014578313538,-8.37979136380283,NA,"thymus (right)","KO-IO"
"463","Scan_0105","MUT/MUT","KO","IO",14,9638.09947296783,-414.569458007812,43416.3046875,73033602.4711613,140150,30.2723999023438,1350779641.13644,5.21415906975195,-13.8842177098393,-5.41164615574732,NA,"brain","KO-IO"
"464","Scan_0105","MUT/MUT","KO","IO",15,19587.6099995976,1588.7470703125,43809.546875,12250724.9664926,36477,7.87903213500977,714497249.955322,5.34575879470659,-9.07433762858641,-9.57010994562428,NA,"spinal cord","KO-IO"
"466","Scan_0110","MUT/MUT","KO","IO",1,20028.0436097381,1430.02502441406,47414.74609375,90867017.5457353,4618,0.997488021850586,92489505.3897705,4.30725773873704,-8.07460506812171,-9.30562033344721,NA,"lung (left)","KO-IO"
"467","Scan_0110","MUT/MUT","KO","IO",2,14774.3204227858,-94.7150039672852,48752.12890625,105392471.252287,8000,1.72800004482269,118194563.382286,5.92120031127936,-8.15798563438416,-9.06551045471176,NA,"lung (right)","KO-IO"
"468","Scan_0110","MUT/MUT","KO","IO",3,22211.2487167547,2161.86181640625,34292.125,26656613.6408672,2268,0.48988801240921,50375112.0895996,4.50129872397772,-5.47753046242649,-8.98982743883884,NA,"kidney (left)","KO-IO"
"469","Scan_0110","MUT/MUT","KO","IO",4,22524.5538656237,1243.50842285156,33643.55859375,30808620.4714797,2807,0.606311976909637,63226422.7008057,6.19781655638083,-5.48537163990609,-8.81806775075756,NA,"kidney (right)","KO-IO"
"470","Scan_0110","MUT/MUT","KO","IO",5,16506.8658970901,1594.6083984375,32572.99609375,57380527.1765589,5117,1.10527205467224,84465632.7954102,4.08364232808603,-6.26820906461676,-8.81726289364076,NA,"stomach","KO-IO"
"471","Scan_0110","MUT/MUT","KO","IO",6,30411.2617893846,550.151062011719,47941.91796875,38787693.0041555,86611,18.7079753875732,2633949794.84039,5.46096744709361,-6.78511369002996,-7.71975380820638,NA,"liver","KO-IO"
"472","Scan_0110","MUT/MUT","KO","IO",7,22255.566506522,4888.96240234375,32596.755859375,38346245.9989122,336,0.0725760012865067,7477870.34619141,4.68717173985072,-6.05788099152702,-9.31641474042621,NA,"adrenal (left)","KO-IO"
"473","Scan_0110","MUT/MUT","KO","IO",8,25158.5762505243,8287.123046875,44185.2734375,24601322.2595772,298,0.0643680021166801,7497255.72265625,5.90618420389676,-6.04979014780698,-9.17982797149044,NA,"adrenal (right)","KO-IO"
"474","Scan_0110","MUT/MUT","KO","IO",9,17163.0581313477,3806.49658203125,26481.6171875,17840874.9463846,500,0.108000002801418,8581529.06567383,5.29744031127928,-4.69996813438417,-7.29518045471192,NA,"rectum","KO-IO"
"475","Scan_0110","MUT/MUT","KO","IO",10,20854.4952479883,1781.22082519531,30004.06640625,33818499.4500233,783,0.169128000736237,16329069.7791748,5.31315969825246,-5.46686361331134,-7.14717555049742,NA,"bladder","KO-IO"
"476","Scan_0110","MUT/MUT","KO","IO",11,16051.549414385,374.891784667969,48414.96875,77676011.2160106,6245,1.34891998767853,100241926.092834,4.76270599582692,-8.59173232974059,-7.80961478617703,NA,"heart","KO-IO"
"477","Scan_0110","MUT/MUT","KO","IO",12,26839.5272460937,14868.40234375,31446.23046875,7763169.49376571,250,0.0540000014007092,6709881.81152344,4.81708031127929,-9.78592813438415,-8.43494045471193,NA,"thymus (left)","KO-IO"
"478","Scan_0110","MUT/MUT","KO","IO",13,26050.2759639107,10214.87109375,31381.794921875,13246216.5946599,247,0.0533519983291626,6434418.16308594,5.41900516957889,-9.70578368094285,-8.39466806604793,NA,"thymus (right)","KO-IO"
"479","Scan_0110","MUT/MUT","KO","IO",14,14563.7902541525,-279.923248291016,30284.810546875,47750140.8597848,96928,20.9364471435547,1411639061.75449,5.05133471207184,-13.1048389102173,-5.79823862737658,NA,"brain","KO-IO"
"480","Scan_0110","MUT/MUT","KO","IO",15,19116.3601269156,2388.83544921875,32701.685546875,16231750.2424105,28655,6.18947982788086,547779299.436768,5.18994562623312,-8.85604283687952,-9.53453992426317,NA,"spinal cord","KO-IO"
"482","Scan_0125","MUT/MUT","KO","IO",1,26232.2497709589,4723.90087890625,34759.72265625,15174396.0329461,3929,0.848663985729218,103066509.350098,4.51071026292093,-8.21283631458265,-9.46301402050482,NA,"lung (left)","KO-IO"
"483","Scan_0125","MUT/MUT","KO","IO",2,21791.1449746903,2199.58032226562,42314.55859375,68189980.1163749,8401,1.81461596488953,183067408.932373,6.12729213368155,-8.242564553858,-9.14297756458011,NA,"lung (right)","KO-IO"
"484","Scan_0125","MUT/MUT","KO","IO",3,21926.4965177958,4265.93115234375,34431.31640625,23433659.8640644,3185,0.687960028648376,69835891.4091797,4.68865996591038,-5.32199519874838,-9.06079150651728,NA,"kidney (left)","KO-IO"
"485","Scan_0125","MUT/MUT","KO","IO",4,23233.9372824973,4861.65966796875,35641.1015625,17307804.8081878,2997,0.647351980209351,69632110.0356445,6.46080251348151,-5.54833197822802,-8.97270245671385,NA,"kidney (right)","KO-IO"
"486","Scan_0125","MUT/MUT","KO","IO",5,14856.8585180914,1072.80981445312,33472.875,52232030.8320943,9194,1.98590397834778,136593957.215332,4.00411260190358,-6.25667216744912,-8.89274309121403,NA,"stomach","KO-IO"
"487","Scan_0125","MUT/MUT","KO","IO",6,30759.3026280704,98.3965377807617,55300.15234375,38078279.3843353,104201,22.5074157714844,3205150093.14756,5.21221054534587,-6.94367777747798,-7.72172913965415,NA,"liver","KO-IO"
"488","Scan_0125","MUT/MUT","KO","IO",7,22952.7841516916,5073.98046875,33493.14453125,18492427.316515,593,0.128087997436523,13611001.0019531,4.77411464517473,-5.94418459306882,-9.53248797579117,NA,"adrenal (left)","KO-IO"
"489","Scan_0125","MUT/MUT","KO","IO",8,23751.5087148932,10507.8583984375,33134.6484375,14528164.9793401,395,0.0853200033307076,9381845.94238281,6.25606866570968,-6.12342484324491,-9.34867513825623,NA,"adrenal (right)","KO-IO"
"490","Scan_0125","MUT/MUT","KO","IO",9,18209.2753963276,6281.99462890625,26624.974609375,11120142.9181433,685,0.147960007190704,12473353.6464844,5.40718425288513,-4.36828375482209,-7.2372406006973,NA,"rectum","KO-IO"
"491","Scan_0125","MUT/MUT","KO","IO",10,17842.2248126752,791.693237304688,31349.65234375,60907674.4489103,1895,0.409319996833801,33811016.0200195,5.22420453291518,-5.32194459876412,-7.09152367370924,NA,"bladder","KO-IO"
"492","Scan_0125","MUT/MUT","KO","IO",11,20149.2530865813,429.250305175781,47379.84375,49327481.1276937,6981,1.50789594650269,140661935.797424,5.2145263963674,-8.77556677641263,-7.58980659996328,NA,"heart","KO-IO"
"493","Scan_0125","MUT/MUT","KO","IO",12,26368.1975599628,13397.052734375,30840.21484375,8070727.03204117,428,0.092448003590107,11285588.5556641,4.86224517109237,-9.98930121849629,-8.31299017433808,NA,"thymus (left)","KO-IO"
"494","Scan_0125","MUT/MUT","KO","IO",13,7820.51333078322,2090.43676757812,27152.3671875,9727840.61146338,277,0.0598319992423058,2166282.19262695,5.47202991416738,-9.90080582391482,-8.1579206713184,NA,"thymus (right)","KO-IO"
"495","Scan_0125","MUT/MUT","KO","IO",14,17805.8279357998,544.713256835938,33995.6796875,25799347.1596468,132041,28.5208568572998,2351099326.47095,5.18153273378362,-13.3094396267233,-6.22296134337327,NA,"brain","KO-IO"
"496","Scan_0125","MUT/MUT","KO","IO",15,20189.9737443412,7280.09619140625,31162.37890625,5591480.55084865,33269,7.18610382080078,671700236.500488,5.43549772328404,-8.49716359803023,-9.72620978772232,NA,"spinal cord","KO-IO"
"498","Scan_0162","MUT/MUT","KO","IO",1,20792.0201083892,2313.89233398438,29081.640625,20928955.9792718,4745,1.02491998672485,98658135.4143066,4.29879841454589,-7.93060826083305,-9.62459718811592,NA,"lung (left)","KO-IO"
"499","Scan_0162","MUT/MUT","KO","IO",2,15276.9115425367,846.156311035156,28634.82421875,55543161.5015728,10370,2.23991990089417,158421572.696106,6.20850195062367,-8.09595390101866,-9.36613536310177,NA,"lung (right)","KO-IO"
"500","Scan_0162","MUT/MUT","KO","IO",3,18460.503457445,4203.0361328125,29183.0703125,15569245.0205709,2313,0.499608010053635,42699144.4970703,4.42664181581887,-5.31338567005212,-8.88940343785077,NA,"kidney (left)","KO-IO"
"501","Scan_0162","MUT/MUT","KO","IO",4,20056.1516291686,4286.82861328125,30879.30859375,19903075.2201474,1519,0.328103989362717,30465294.324707,6.12847522898832,-5.279945672238,-8.76280052054463,NA,"kidney (right)","KO-IO"
"502","Scan_0162","MUT/MUT","KO","IO",5,12460.1204495634,1832.13317871094,26471.89453125,37148852.4320372,8316,1.79625594615936,103618361.658569,3.89564215832115,-6.08337702327299,-8.80696308097431,NA,"stomach","KO-IO"
"503","Scan_0162","MUT/MUT","KO","IO",6,24630.2637587611,3164.07275390625,35391.24609375,17087417.4840465,119249,25.7577838897705,2937134322.96851,5.49829372589901,-6.62515749010178,-7.67183337825852,NA,"liver","KO-IO"
"504","Scan_0162","MUT/MUT","KO","IO",7,17920.6231284677,5672.89306640625,23318.5625,10963547.2087465,383,0.0827279984951019,6863598.65820312,4.5545272042297,-5.76605471401862,-9.30960384896779,NA,"adrenal (left)","KO-IO"
"505","Scan_0162","MUT/MUT","KO","IO",8,20692.1290698626,9927.40625,27369.80859375,9858333.16660855,191,0.0412559993565083,3952196.65234375,6.02907151546779,-5.71956666841557,-9.17090987879565,NA,"adrenal (right)","KO-IO"
"506","Scan_0162","MUT/MUT","KO","IO",9,15011.3673893776,7079.1875,26319.302734375,11767712.8722089,595,0.128519997000694,8931763.59667969,5.19581039531291,-4.27537889068668,-7.16996095891361,NA,"rectum","KO-IO"
"507","Scan_0162","MUT/MUT","KO","IO",10,19477.3808814692,2676.43994140625,25737.572265625,8740490.62764496,1547,0.334152013063431,30131508.2236328,5.18148331063286,-5.20711256877328,-7.00971790784701,NA,"bladder","KO-IO"
"508","Scan_0162","MUT/MUT","KO","IO",11,14579.1447551897,1409.13452148438,26412.65625,28819030.3019183,10303,2.2254478931427,150208928.41272,4.7658836268185,-8.5468971414694,-8.01784982868081,NA,"heart","KO-IO"
"509","Scan_0162","MUT/MUT","KO","IO",12,11593.2924810542,4070.51977539062,21979.7734375,13669261.0473481,417,0.0900719985365868,4834402.96459961,5.16147800912102,-9.82866079625463,-8.72998103025154,NA,"thymus (left)","KO-IO"
"510","Scan_0162","MUT/MUT","KO","IO",13,22147.7085301373,7767.04931640625,26643.384765625,5388118.64886919,502,0.108432002365589,11118149.6821289,5.74473576944663,-9.98492638139609,-8.57587973758047,NA,"thymus (right)","KO-IO"
"511","Scan_0162","MUT/MUT","KO","IO",14,17217.7622476932,2544.30126953125,27056.92578125,8298939.23193939,131497,28.4033527374268,2264084082.28491,5.20264907284729,-13.1273980106546,-6.36372113198966,NA,"brain","KO-IO"
"512","Scan_0162","MUT/MUT","KO","IO",15,18286.5721738295,5192.56298828125,27500.279296875,4803096.57009148,26777,5.78383207321167,489659543.098633,5.3948381273157,-8.37152028884505,-9.76301176665806,NA,"spinal cord","KO-IO"
"514","Scan_0166","MUT/MUT","KO","IO",1,17873.186411706,1481.99145507812,34123.94921875,67103908.451695,11075,2.39219999313354,197945539.509644,4.06343101105356,-7.60774772806365,-8.96630858112308,NA,"lung (left)","KO-IO"
"515","Scan_0166","MUT/MUT","KO","IO",2,17501.2852937778,231.583724975586,39267.11328125,76745511.696242,13364,2.8866240978241,233887176.666046,6.12396098173719,-7.64747526398609,-8.57410662053034,NA,"lung (right)","KO-IO"
"516","Scan_0166","MUT/MUT","KO","IO",3,11666.5931768635,486.374450683594,29745.67578125,38806046.8079402,1932,0.417311996221542,22539858.0177002,4.69120900693147,-4.35107198531583,-8.2228433118548,NA,"kidney (left)","KO-IO"
"517","Scan_0166","MUT/MUT","KO","IO",4,11982.5124268918,32.8339233398438,31197.708984375,55157041.4007699,3478,0.751248002052307,41675178.2207298,6.19926736130807,-4.50783488539049,-7.99389194407351,NA,"kidney (right)","KO-IO"
"518","Scan_0166","MUT/MUT","KO","IO",5,15751.0943002199,37.3849220275879,36090.37890625,54378859.7619258,8009,1.7299439907074,126150514.250462,3.92171930241427,-4.81083349585246,-8.50283180694055,NA,"stomach","KO-IO"
"519","Scan_0166","MUT/MUT","KO","IO",6,24351.6632421529,-48.061206817627,45459.8359375,41854235.4487937,126904,27.4112644195557,3090323472.08217,5.23335823853122,-5.9654387742377,-7.32505807936779,NA,"liver","KO-IO"
"520","Scan_0166","MUT/MUT","KO","IO",7,9290.62831552143,3461.86547851562,26050.060546875,18859225.1301253,479,0.103463999927044,4450210.96313477,4.866742273701,-4.72557372937372,-8.9138737323737,NA,"adrenal (left)","KO-IO"
"521","Scan_0166","MUT/MUT","KO","IO",8,17852.5195189592,4457.76953125,27636.755859375,33393518.0111608,437,0.0943920016288757,7801551.02978516,6.15484745086741,-5.02608996504778,-8.60594072931148,NA,"adrenal (right)","KO-IO"
"522","Scan_0166","MUT/MUT","KO","IO",9,17219.6565347032,9408.4638671875,25793.72265625,8966948.6675749,319,0.0689039975404739,5493070.43457031,5.23289498212569,-3.70605553250329,-6.04681330737649,NA,"rectum","KO-IO"
"523","Scan_0166","MUT/MUT","KO","IO",10,17187.9001513903,471.103790283203,27837.158203125,57152186.2672718,1213,0.262008011341095,20848922.8836365,5.13134557096601,-4.60079481204287,-6.29917531044143,NA,"bladder","KO-IO"
"524","Scan_0166","MUT/MUT","KO","IO",11,19165.0303579485,1504.40026855469,41368.9296875,56934462.386981,23069,4.98290395736694,442118085.327515,4.92500110888648,-7.89594853578869,-6.68613155272175,NA,"heart","KO-IO"
"525","Scan_0166","MUT/MUT","KO","IO",12,22883.7319168362,9756.826171875,26761.109375,6644877.02177704,845,0.182520002126694,19336753.4697266,4.89431628761065,-9.44351772018296,-7.85245193400177,NA,"thymus (left)","KO-IO"
"526","Scan_0166","MUT/MUT","KO","IO",13,21781.8366934837,5983.3525390625,26807.1484375,18240419.6773852,487,0.105191998183727,10607754.4697266,5.55075636877417,-9.50789675861415,-7.63180928428067,NA,"thymus (right)","KO-IO"
"527","Scan_0166","MUT/MUT","KO","IO",14,16364.7988556525,303.366821289062,37508.40234375,11093748.0895184,173914,37.5654258728027,2846067628.18195,4.95185605837253,-13.3108934841546,-5.34538610394044,NA,"brain","KO-IO"
"528","Scan_0166","MUT/MUT","KO","IO",15,15356.2443436432,43.4865341186523,29214.08984375,14879523.4403979,38887,8.39959239959717,597158273.791252,5.2540090597043,-8.11339856717654,-9.11578801611046,NA,"spinal cord","KO-IO"
"530","Scan_0170","MUT/MUT","KO","IO",1,19938.8326629298,1428.15661621094,28148.42578125,21727171.5588423,6084,1.31414401531219,121307857.921265,4.40731825999725,-7.84279188191866,-9.67484246654644,NA,"lung (left)","KO-IO"
"531","Scan_0170","MUT/MUT","KO","IO",2,17921.9646825368,1079.83166503906,31428.482421875,48774859.2824786,10572,2.28355193138123,189471010.623779,6.17761279709104,-7.74343819113777,-9.12330544903631,NA,"lung (right)","KO-IO"
"532","Scan_0170","MUT/MUT","KO","IO",3,15928.5421218384,2065.41162109375,27959.595703125,24418450.0111727,3124,0.674784004688263,49760765.588623,4.73464384521015,-4.58334856972348,-8.85407433435341,NA,"kidney (left)","KO-IO"
"533","Scan_0170","MUT/MUT","KO","IO",4,18808.4993863754,2708.32250976562,31138.07421875,26089737.3846626,3021,0.652535974979401,56820476.6462402,6.47566088724755,-4.8261763171051,-8.70257731667818,NA,"kidney (right)","KO-IO"
"534","Scan_0170","MUT/MUT","KO","IO",5,14397.1105726959,1159.818359375,31105.521484375,38697095.9294398,10187,2.20039200782776,146663365.404053,3.95849429380601,-5.26392663443325,-8.84563713872075,NA,"stomach","KO-IO"
"535","Scan_0170","MUT/MUT","KO","IO",6,23349.1679425119,196.728668212891,33179.02734375,17877080.8793466,151693,32.7656898498535,3541905332.70346,5.15799474609165,-6.22120808850217,-7.55893801346812,NA,"liver","KO-IO"
"536","Scan_0170","MUT/MUT","KO","IO",7,18747.7432725694,5267.1064453125,25259.59375,13072289.5205154,477,0.103032000362873,8942673.54101562,4.75281414775727,-5.24486549287471,-9.41447403961755,NA,"adrenal (left)","KO-IO"
"537","Scan_0170","MUT/MUT","KO","IO",8,20413.9071998805,10729.85546875,26982.896484375,9219922.8543692,366,0.0790560021996498,7471490.03515625,6.27187899980389,-5.3003897737284,-9.33742176618733,NA,"adrenal (right)","KO-IO"
"538","Scan_0170","MUT/MUT","KO","IO",9,18052.204630373,10278.12109375,25203.3046875,7606240.14059452,759,0.163944005966187,13701623.3144531,5.45362007412515,-3.77848022924581,-6.85789413060124,NA,"rectum","KO-IO"
"539","Scan_0170","MUT/MUT","KO","IO",10,18259.9699631751,3672.767578125,28292.9140625,27390235.692642,2108,0.455327987670898,38492016.682373,5.28819234163984,-4.74300805848283,-6.79909703915213,NA,"bladder","KO-IO"
"540","Scan_0170","MUT/MUT","KO","IO",11,14205.8708395674,2138.830078125,29817.537109375,33680080.9765417,12861,2.77797603607178,182701704.867676,4.58181001503485,-8.20082589972117,-7.60574127579906,NA,"heart","KO-IO"
"541","Scan_0170","MUT/MUT","KO","IO",12,21582.8844875205,10297.9765625,25423.048828125,4980481.19557875,611,0.131975993514061,13187142.421875,4.84279016397978,-9.86402986924504,-8.38860552836166,NA,"thymus (left)","KO-IO"
"542","Scan_0170","MUT/MUT","KO","IO",13,22079.1532587275,13592.048828125,26135.548828125,3395588.99476998,555,0.119879998266697,12253930.0585938,5.73524895992794,-9.87378543168144,-8.25632207633356,NA,"thymus (right)","KO-IO"
"543","Scan_0170","MUT/MUT","KO","IO",14,14467.7163691986,-52.8532104492188,29218.087890625,13260158.5182648,148025,31.9734001159668,2141583715.55062,5.18751583230597,-13.4894412166349,-6.08595733699365,NA,"brain","KO-IO"
"544","Scan_0170","MUT/MUT","KO","IO",15,17511.9455075384,2952.67016601562,27823.951171875,5670689.37307892,34561,7.46517610549927,605230348.686035,5.48998655589003,-8.54893187154352,-9.64212315660012,NA,"spinal cord","KO-IO"
"546","Scan_0176","MUT/MUT","KO","IO",1,22384.8700586758,1627.52856445312,37225.796875,53525353.2881277,4523,0.976967990398407,101246767.275391,4.56198302186962,-8.00879058850758,-9.45556006116814,NA,"lung (left)","KO-IO"
"547","Scan_0176","MUT/MUT","KO","IO",2,20161.9974883457,1526.11499023438,31442.1796875,53792838.0853936,6466,1.39665603637695,130367475.759644,6.08241101341361,-8.06557999952491,-8.99229958864334,NA,"lung (right)","KO-IO"
"548","Scan_0176","MUT/MUT","KO","IO",3,14216.6179164729,338.502532958984,26553.076171875,24124355.8770269,2681,0.579096019268036,38114752.6340637,4.82876815909729,-5.21555863046771,-8.80017453154901,NA,"kidney (left)","KO-IO"
"549","Scan_0176","MUT/MUT","KO","IO",4,15440.9485329223,1598.580078125,32010.73828125,45136814.0815467,2295,0.495719999074936,35436976.8830566,6.30312318709628,-5.60569074876326,-8.80220372268577,NA,"kidney (right)","KO-IO"
"550","Scan_0176","MUT/MUT","KO","IO",5,13510.3270009301,878.267944335938,35537.9453125,48150972.3731844,5322,1.14955198764801,71901960.2989502,4.19277167542812,-5.7418162065375,-8.76992255166768,NA,"stomach","KO-IO"
"551","Scan_0176","MUT/MUT","KO","IO",6,24984.3593378326,1734.90551757812,45827.19140625,45041475.5340644,89275,19.2833995819092,2230478679.88501,5.26361224071122,-6.78987015622707,-7.79707469161565,NA,"liver","KO-IO"
"552","Scan_0176","MUT/MUT","KO","IO",7,17121.4207450671,2080.58642578125,24362.21484375,17672383.9375598,312,0.067391999065876,5341883.27246094,4.84956184974082,-5.67756505746108,-9.26262353163503,NA,"adrenal (left)","KO-IO"
"553","Scan_0176","MUT/MUT","KO","IO",8,17943.1986195354,6084.55224609375,25196.173828125,13444275.2628901,559,0.120743997395039,10030248.0283203,6.24278635779092,-5.99074931506395,-9.29116557099097,NA,"adrenal (right)","KO-IO"
"554","Scan_0176","MUT/MUT","KO","IO",9,16997.3966291561,1597.22814941406,24752.87890625,30228201.7915412,559,0.120743997395039,9501544.71569824,5.28439637568,-4.60677793760421,-7.25223891625038,NA,"rectum","KO-IO"
"555","Scan_0176","MUT/MUT","KO","IO",10,17552.8693665562,2237.28662109375,39598.96875,36973570.5887765,1086,0.234576001763344,19062416.1320801,5.26379368144504,-5.45979200178746,-7.19257890775058,NA,"bladder","KO-IO"
"556","Scan_0176","MUT/MUT","KO","IO",11,20209.9590990717,1441.45336914062,50528.80859375,60787848.1257857,7665,1.65564000606537,154909336.494385,4.78854160286444,-8.49010065884619,-7.76970632555351,NA,"heart","KO-IO"
"557","Scan_0176","MUT/MUT","KO","IO",12,16446.0880750478,6189.755859375,31670.70703125,27590122.8325923,278,0.0600479990243912,4572012.48486328,5.06277297314979,-9.76527950129062,-8.4478227568702,NA,"thymus (left)","KO-IO"
"558","Scan_0176","MUT/MUT","KO","IO",13,22631.8354737271,12025.4404296875,26387.09375,5366012.61148237,259,0.0559439994394779,5861645.38769531,5.51605204873104,-9.75344566334167,-8.21981242382391,NA,"thymus (right)","KO-IO"
"559","Scan_0176","MUT/MUT","KO","IO",14,14520.6548678749,660.943786621094,28399.765625,29280707.5559917,107115,23.1368408203125,1555379946.17242,5.1929736483469,-13.1138005556132,-6.23862819592651,NA,"brain","KO-IO"
"560","Scan_0176","MUT/MUT","KO","IO",15,18888.5108369542,3474.4794921875,27218.748046875,7173503.00045554,24536,5.29977607727051,463448501.895508,5.39549222520176,-8.47186586506565,-9.52015024277864,NA,"spinal cord","KO-IO"
"562","Scan_0180","MUT/MUT","KO","IO",1,20702.1357341479,3399.1279296875,31836.763671875,49799601.4424394,5375,1.16100001335144,111273979.571045,4.01037333453509,-7.81163232043067,-9.38555812913068,NA,"lung (left)","KO-IO"
"563","Scan_0180","MUT/MUT","KO","IO",2,19243.9999557801,2521.57641601562,52247.2265625,117561041.192461,13372,2.88835191726685,257330767.408691,5.93016477433644,-7.93409477512594,-9.13848537843345,NA,"lung (right)","KO-IO"
"564","Scan_0180","MUT/MUT","KO","IO",3,18056.9168870252,-59.5636825561523,29335.623046875,34893360.0961085,2919,0.630504012107849,52708140.3932266,4.53722312731219,-4.98570087847458,-8.93335204772327,NA,"kidney (left)","KO-IO"
"565","Scan_0180","MUT/MUT","KO","IO",4,20891.0932283957,2096.0078125,34188.375,25588316.6733094,3209,0.693144023418427,67039518.1699219,6.19929834805087,-5.04523603092512,-8.79511927677487,NA,"kidney (right)","KO-IO"
"566","Scan_0180","MUT/MUT","KO","IO",5,13978.9715158891,1683.50378417969,32688.767578125,44668784.8827952,9408,2.03212809562683,131514164.021484,3.84596000515683,-5.76622282826177,-8.7175308118547,NA,"stomach","KO-IO"
"567","Scan_0180","MUT/MUT","KO","IO",6,25551.3417677581,183.754852294922,40099.6171875,40919834.0469264,137511,29.7023754119873,3513590557.82619,5.39070014329299,-6.56985323244892,-7.55163070756504,NA,"liver","KO-IO"
"568","Scan_0180","MUT/MUT","KO","IO",7,17452.9688630083,3446.02709960938,28139.216796875,34472390.2613049,458,0.0989279970526695,7993459.73925781,4.65632956892121,-5.57453180250642,-9.35393189575995,NA,"adrenal (left)","KO-IO"
"569","Scan_0180","MUT/MUT","KO","IO",8,22234.2692225433,7807.5166015625,30525.958984375,13594227.3931444,484,0.104543998837471,10761386.3037109,6.034178823676,-5.57395094430149,-9.30450210760448,NA,"adrenal (right)","KO-IO"
"570","Scan_0180","MUT/MUT","KO","IO",9,18489.0715584373,6913.80615234375,29448.3984375,9816601.66595037,774,0.167183995246887,14310541.3862305,5.37077085391495,-4.07472069252369,-6.92457642370417,NA,"rectum","KO-IO"
"571","Scan_0180","MUT/MUT","KO","IO",10,16256.24112907,1858.46264648438,37818.57421875,50055880.9894164,2338,0.505007982254028,38007091.7597656,5.38071322830239,-5.05816649195473,-6.72944296968198,NA,"bladder","KO-IO"
"572","Scan_0180","MUT/MUT","KO","IO",11,17505.6635265895,3326.26953125,39602.50390625,41189582.8221369,10426,2.25201606750488,182514047.928223,5.21381228135411,-8.61048276319661,-7.39058535783879,NA,"heart","KO-IO"
"573","Scan_0180","MUT/MUT","KO","IO",12,20660.1291969354,5496.42626953125,31424.970703125,28629052.3791884,556,0.120095998048782,11487031.8334961,4.78834851271813,-10.0449917315064,-8.52163570651045,NA,"thymus (left)","KO-IO"
"574","Scan_0180","MUT/MUT","KO","IO",13,19893.1210983893,4567.97705078125,27362.865234375,43217237.5126474,421,0.0909359976649284,8375003.98242188,5.54354092885649,-10.1020178255956,-8.44305199865489,NA,"thymus (right)","KO-IO"
"575","Scan_0180","MUT/MUT","KO","IO",14,15822.86539852,1009.61437988281,35899.08203125,19588403.6365153,155497,33.5873527526855,2460408100.87366,5.26194854307767,-13.3373646529019,-6.17253225854046,NA,"brain","KO-IO"
"576","Scan_0180","MUT/MUT","KO","IO",15,18290.912688072,4152.6513671875,29476.328125,4090598.59880121,34865,7.53083992004395,637712670.869629,5.29492843403844,-8.39938731694567,-9.84120956126478,NA,"spinal cord","KO-IO"
"578","Scan_0011","WT/WT","WT","LI",1,28513.9454958947,5573.79541015625,61566.29296875,23092742.1013051,5908,1.27612805366516,168460389.989746,4.5328250912387,-7.87747730161507,-9.56579185620183,NA,"lung (left)","WT-LI"
"579","Scan_0011","WT/WT","WT","LI",2,25833.7611146307,2634.66284179688,44602.52734375,31417473.1974763,12947,2.79655194282532,334469705.151123,6.12302604697108,-7.84968161549957,-9.30627935329842,NA,"lung (right)","WT-LI"
"580","Scan_0011","WT/WT","WT","LI",3,23631.8565320221,8511.076171875,38366.05078125,21788997.6979691,2489,0.537624001502991,58819690.9082031,4.56766419235605,-4.96428725049503,-8.71318337958142,NA,"kidney (left)","WT-LI"
"581","Scan_0011","WT/WT","WT","LI",4,24917.4618934457,7194.865234375,38043.04296875,22241255.7676481,2321,0.501335978507996,57833429.0546875,5.98621771756968,-4.9358883928934,-8.75384565074819,NA,"kidney (right)","WT-LI"
"582","Scan_0011","WT/WT","WT","LI",5,19669.5450482799,2013.21606445312,33049.5546875,66356380.4032924,5576,1.20441603660583,109677383.189209,4.14328108602823,-5.65761582448455,-8.5096638693461,NA,"stomach","WT-LI"
"583","Scan_0011","WT/WT","WT","LI",6,35947.1140403091,1909.72717285156,66417.34375,52289746.9167766,67966,14.6806564331055,2443181552.86365,5.34791555713728,-6.51253804169033,-7.98458975230106,NA,"liver","WT-LI"
"584","Scan_0011","WT/WT","WT","LI",7,32436.7475002666,10687.1396484375,43385.16015625,28690220.6232024,293,0.0632880032062531,9503967.01757812,4.70112590854892,-5.473498373292,-9.32360147860271,NA,"adrenal (left)","WT-LI"
"585","Scan_0011","WT/WT","WT","LI",8,32219.2821033925,16029.615234375,42706.24609375,27227043.4676319,222,0.0479520000517368,7152680.62695312,5.87508679776579,-5.45421786411388,-9.36232207633353,NA,"adrenal (right)","WT-LI"
"586","Scan_0011","WT/WT","WT","LI",9,22143.7259494633,11361.5947265625,31116.302734375,13653831.7650457,591,0.127655997872353,13086942.0361328,5.1342348290458,-4.21596021560241,-6.72795933796065,NA,"rectum","WT-LI"
"587","Scan_0011","WT/WT","WT","LI",10,20080.4635634113,3823.85888671875,59681.515625,54261352.2879058,2006,0.433295994997025,40281409.9082031,5.20355544587551,-5.35211525302824,-6.83155788242874,NA,"bladder","WT-LI"
"588","Scan_0011","WT/WT","WT","LI",11,26450.7212785675,2422.35986328125,65765.375,119824720.934822,6574,1.41998398303986,173887041.685303,5.11834171681626,-8.49680635768822,-7.89080693478517,NA,"heart","WT-LI"
"589","Scan_0011","WT/WT","WT","LI",12,28214.3970793269,11124.1630859375,32641.861328125,7389903.65689021,325,0.070200003683567,9169679.05078125,5.1142926189716,-9.76934967284567,-8.36565430086577,NA,"thymus (left)","WT-LI"
"590","Scan_0011","WT/WT","WT","LI",13,27742.195890625,11699.375,32593.1875,5382199.67497615,250,0.0540000014007092,6935548.97265625,5.5685203112793,-9.79072813438414,-8.24726045471193,NA,"thymus (right)","WT-LI"
"591","Scan_0011","WT/WT","WT","LI",14,21548.5365276518,2813.15600585938,63529.4453125,17893450.2305094,124158,26.8181285858154,2675423198.2002,5.05533302282346,-13.322076207645,-6.06353764603129,NA,"brain","WT-LI"
"592","Scan_0011","WT/WT","WT","LI",15,20875.0303043365,8552.451171875,36519.859375,6252168.05169845,26485,5.72075986862183,552875177.610352,5.32936867072805,-8.94635032052745,-9.65805707166482,NA,"spinal cord","WT-LI"
"594","Scan_0035","WT/WT","WT","LI",1,30190.611148586,4081.61010742188,42558.73828125,16720724.3215078,6640,1.43423998355865,200465658.026611,4.4307750100745,-7.87402126691432,-9.63136611736265,NA,"lung (left)","WT-LI"
"595","Scan_0035","WT/WT","WT","LI",2,28280.4272076298,2298.15649414062,46975.73046875,36368092.967721,14440,3.11904001235962,408369368.878174,6.11203105920176,-7.91680946402418,-9.32317413892211,NA,"lung (right)","WT-LI"
"596","Scan_0035","WT/WT","WT","LI",3,27238.0753524391,6982.59130859375,41537.37890625,24226580.972989,2629,0.567864000797272,71608900.1015625,4.86181826487382,-5.14127778824494,-8.46326036342245,NA,"kidney (left)","WT-LI"
"597","Scan_0035","WT/WT","WT","LI",4,27762.4154246154,11218.923828125,40136.8828125,17807820.1503429,2657,0.573912024497986,73764737.7832031,6.13443019460635,-5.20125140122644,-8.48632710130581,NA,"kidney (right)","WT-LI"
"598","Scan_0035","WT/WT","WT","LI",5,19983.8514484793,2581.08666992188,40163.59375,82187197.0086061,7734,1.67054402828217,154555107.102539,4.2228361530171,-5.70440279691332,-8.30799292949871,NA,"stomach","WT-LI"
"599","Scan_0035","WT/WT","WT","LI",6,38296.0179769313,1620.98596191406,62309.9609375,35640875.3817934,73657,15.909912109375,2820769796.12683,5.23878250713303,-6.74478029941948,-7.95519751540917,NA,"liver","WT-LI"
"600","Scan_0035","WT/WT","WT","LI",7,34431.2876155514,16073.599609375,48845.546875,29808415.75095,382,0.0825119987130165,13152751.8691406,4.84697727463007,-5.51569232286582,-9.16494129240826,NA,"adrenal (left)","WT-LI"
"601","Scan_0035","WT/WT","WT","LI",8,35542.5271640146,18118.583984375,47061.51171875,33367437.8481828,326,0.0704160034656525,11586863.8554688,6.03320153827318,-5.60988690739029,-9.15628327679778,NA,"adrenal (right)","WT-LI"
"602","Scan_0035","WT/WT","WT","LI",9,25776.1057705139,13435.28515625,35459.46875,14686565.3532539,644,0.13910399377346,16599812.1162109,5.28130217463331,-4.79405335177549,-6.10135262862495,NA,"rectum","WT-LI"
"603","Scan_0035","WT/WT","WT","LI",10,23906.2106493954,9590.6904296875,35025.28125,31659439.3367313,1827,0.394632011651993,43676646.8564453,5.30828832441559,-5.78366711632176,-6.62797467474471,NA,"bladder","WT-LI"
"604","Scan_0035","WT/WT","WT","LI",11,22962.3644624394,2639.58984375,48105.046875,69313594.857454,7575,1.63619995117188,173939910.802979,5.0640577370219,-8.56615942151302,-7.91950045471207,NA,"heart","WT-LI"
"605","Scan_0035","WT/WT","WT","LI",12,30596.6476135254,14216.98046875,36275.71875,9422632.26751135,448,0.0967679992318153,13707298.1308594,5.02654673985072,-9.89832742009841,-8.57275402614048,NA,"thymus (left)","WT-LI"
"606","Scan_0035","WT/WT","WT","LI",13,30717.2350895579,17750.50390625,37016.54296875,7349703.57747468,369,0.0797040015459061,11334659.7480469,5.54331575843377,-9.91961008560365,-8.44972484495581,NA,"thymus (right)","WT-LI"
"607","Scan_0035","WT/WT","WT","LI",14,21750.756534571,2004.00866699219,49511.3828125,16778436.6700913,135695,29.3101196289062,2951468907.95862,5.08217907247102,-13.1101060274523,-6.0584400176989,NA,"brain","WT-LI"
"608","Scan_0035","WT/WT","WT","LI",15,21521.6773117372,4611.48828125,45080.67578125,6800273.97164662,33257,7.18351221084595,715746422.356445,5.3713543179545,-8.68412309845078,-9.60916874710013,NA,"spinal cord","WT-LI"
"610","Scan_0038","WT/WT","WT","LI",1,25997.3344450988,7277.28466796875,35333.53515625,11547590.8796434,8629,1.86386394500732,224330998.926758,4.27183243551155,-7.94781644589186,-9.43867588639599,NA,"lung (left)","WT-LI"
"611","Scan_0038","WT/WT","WT","LI",2,25307.7674089335,3852.2724609375,41446.83203125,22154072.3838258,17893,3.86488795280457,452831882.248047,6.13220786730668,-7.97472677519354,-9.18238100017671,NA,"lung (right)","WT-LI"
"612","Scan_0038","WT/WT","WT","LI",3,22891.2521122279,5007.37548828125,35255.7734375,15317048.4458622,3293,0.711287975311279,75380893.2055664,4.7157154039,-4.62499830747859,-8.63951308756946,NA,"kidney (left)","WT-LI"
"613","Scan_0038","WT/WT","WT","LI",4,23394.7758165131,5583.32861328125,36585.0390625,17493240.7462073,3326,0.718415975570679,77811024.3657227,6.26703085848314,-4.66363425585138,-8.57662949860857,NA,"kidney (right)","WT-LI"
"614","Scan_0038","WT/WT","WT","LI",5,18564.5411946419,1996.71142578125,33553.69140625,59028123.2063554,7494,1.61870396137238,139122671.712646,4.11819198461797,-5.42896371484856,-8.66777011043637,NA,"stomach","WT-LI"
"615","Scan_0038","WT/WT","WT","LI",6,34267.2564471502,1938.53674316406,54934.8359375,31690282.6628187,95558,20.6405277252197,3274510491.57678,5.34095301853527,-6.46988841484199,-8.02828788852284,NA,"liver","WT-LI"
"616","Scan_0038","WT/WT","WT","LI",7,32016.5410947446,10822.3447265625,42438.08984375,21510717.3484742,432,0.0933120027184486,13831145.7529297,4.84193364461262,-5.1700436899397,-9.36583934360081,NA,"adrenal (left)","WT-LI"
"617","Scan_0038","WT/WT","WT","LI",8,32917.3098728346,19288.3125,42985.71484375,22181489.3928943,368,0.0794880017638206,12113570.0332031,6.08533944171409,-5.21095552568849,-9.28966784601628,NA,"adrenal (right)","WT-LI"
"618","Scan_0038","WT/WT","WT","LI",9,22078.3884964406,8132.83740234375,31460.724609375,14364589.0242693,732,0.1581120043993,16161380.3793945,5.34007572111533,-4.12366846225298,-6.41381520881025,NA,"rectum","WT-LI"
"619","Scan_0038","WT/WT","WT","LI",10,19616.4598733489,2216.01123046875,31143.41015625,26586823.2743576,2425,0.523800015449524,47569915.1928711,5.3544353628257,-5.31667782510581,-6.68000354749547,NA,"bladder","WT-LI"
"620","Scan_0038","WT/WT","WT","LI",11,21936.6566487527,2871.9775390625,44198.28125,42569569.9055358,8699,1.87898397445679,190826976.1875,4.96003955716966,-8.57525948741328,-7.7717649448836,NA,"heart","WT-LI"
"621","Scan_0038","WT/WT","WT","LI",12,26582.4605755155,14268.048828125,30678.17578125,4955830.21836859,491,0.106055997312069,13051988.1425781,4.95440479193102,-9.94139241136989,-8.45713629992573,NA,"thymus (left)","WT-LI"
"622","Scan_0038","WT/WT","WT","LI",13,26109.9056872925,7718.12744140625,30705.974609375,5668637.96417787,433,0.0935280025005341,11305589.1625977,5.51832317502064,-10.0343264715666,-8.39254802976967,NA,"thymus (right)","WT-LI"
"623","Scan_0038","WT/WT","WT","LI",14,22045.2907781367,2555.07861328125,37043.7890625,18642628.3790977,129441,27.9592552185059,2853564483.61279,5.2210630549226,-13.3136159995884,-6.01744808490488,NA,"brain","WT-LI"
"624","Scan_0038","WT/WT","WT","LI",15,19663.363825798,7563.208984375,34789.92578125,5500677.08067171,35840,7.74143981933594,704734959.516602,5.39229562377899,-8.38299594688534,-9.70290357970835,NA,"spinal cord","WT-LI"
"626","Scan_0044","WT/WT","WT","LI",1,27518.8384395735,9960.408203125,37120.171875,8669293.82394578,5972,1.28995203971863,164342503.161133,4.28757552896182,-7.9495953011625,-9.45382838505378,NA,"lung (left)","WT-LI"
"627","Scan_0044","WT/WT","WT","LI",2,26837.608078318,3703.20263671875,43505.296875,20169073.7635112,12445,2.68811988830566,333994032.534668,6.08187712927853,-8.01232582020167,-9.27348068773737,NA,"lung (right)","WT-LI"
"628","Scan_0044","WT/WT","WT","LI",3,25242.1843164566,5491.66650390625,44105.8828125,20143087.459971,2714,0.586224019527435,68507288.2348633,4.82771600766839,-5.01433338125222,-8.5369790103494,NA,"kidney (left)","WT-LI"
"629","Scan_0044","WT/WT","WT","LI",4,26654.6622146868,8166.806640625,37637.0078125,18835798.6498147,2513,0.542807996273041,66983166.1455078,6.1977726152984,-5.02342963856242,-8.53050944794706,NA,"kidney (right)","WT-LI"
"630","Scan_0044","WT/WT","WT","LI",5,19968.0287705656,3634.4423828125,37798.015625,80094106.0671508,6741,1.45605599880219,134604481.942383,4.17821757874705,-5.75812409344069,-8.48845746405766,NA,"stomach","WT-LI"
"631","Scan_0044","WT/WT","WT","LI",6,36888.8021866673,2513.4599609375,57159.76953125,39931466.1055705,79335,17.136360168457,2926573121.47925,5.35781301689462,-6.73039246412517,-8.04607273680451,NA,"liver","WT-LI"
"632","Scan_0044","WT/WT","WT","LI",7,32785.3242763489,7349.9736328125,43792.796875,24676657.5466218,373,0.0805680006742477,12228925.9550781,4.8460533943892,-5.4582146759391,-9.17268436892103,NA,"adrenal (left)","WT-LI"
"633","Scan_0044","WT/WT","WT","LI",8,34812.4732087788,21502.982421875,45835.359375,29112377.8419415,304,0.0656640008091927,10582991.8554688,6.09274504812141,-5.51915918701573,-9.19839782313297,NA,"adrenal (right)","WT-LI"
"634","Scan_0044","WT/WT","WT","LI",9,24148.9110627452,11877.3134765625,34918.55078125,15531268.6948415,669,0.144503995776176,16155621.5009766,5.46263618571877,-4.3265509146532,-6.50585740538454,NA,"rectum","WT-LI"
"635","Scan_0044","WT/WT","WT","LI",10,22522.4877024511,7758.46435546875,36679.90234375,32658379.9860634,1710,0.369359999895096,38513453.9711914,5.44242487268281,-5.35592673087538,-6.57515659506288,NA,"bladder","WT-LI"
"636","Scan_0044","WT/WT","WT","LI",11,22779.6068959898,4888.9853515625,49844.5390625,33740946.2254468,6856,1.48089599609375,156176984.878906,5.05991011291291,-8.61715732925013,-7.92635973125812,NA,"heart","WT-LI"
"637","Scan_0044","WT/WT","WT","LI",12,28596.9069558323,15025.634765625,33146.28515625,6291833.51829616,404,0.0872640013694763,11553150.4101562,4.9594418954377,-9.79830001557226,-8.59188857352381,NA,"thymus (left)","WT-LI"
"638","Scan_0044","WT/WT","WT","LI",13,29049.3445832626,17106.138671875,33580.26953125,3379498.45497734,368,0.0794880017638206,10690158.8066406,5.47408944171408,-9.82117291699283,-8.50102654166841,NA,"thymus (right)","WT-LI"
"639","Scan_0044","WT/WT","WT","LI",14,22492.3265815652,2776.79443359375,45284.9296875,21440289.4208677,125085,27.0183601379395,2813452670.45508,5.22994987357631,-12.8897156196938,-6.07155571313494,NA,"brain","WT-LI"
"640","Scan_0044","WT/WT","WT","LI",15,20599.9405654211,6080.83837890625,42017.8515625,7772301.68849405,33387,7.21159219741821,687770215.657715,5.3549180397361,-8.45635263254197,-9.6613555000872,NA,"spinal cord","WT-LI"
"642","Scan_0086","WT/WT","WT","LI",1,27741.9112483785,6618.69580078125,38524.8984375,10972265.1832305,6625,1.43099999427795,183790162.020508,4.33011125467554,-7.86113719098796,-9.50964686980662,NA,"lung (left)","WT-LI"
"643","Scan_0086","WT/WT","WT","LI",2,25236.8355045461,3644.48901367188,37601.73046875,24239752.8870164,15762,3.40459203720093,397783001.222656,6.07470994203677,-7.92880103883804,-9.22812337058536,NA,"lung (right)","WT-LI"
"644","Scan_0086","WT/WT","WT","LI",3,24132.7431053029,7840.404296875,35551.84375,17135711.9462151,2709,0.585143983364105,65375601.0722656,4.78223264793489,-4.83002523294449,-8.67967055437972,NA,"kidney (left)","WT-LI"
"645","Scan_0086","WT/WT","WT","LI",4,25153.6311303974,9864.0927734375,35572.48046875,15293798.7609378,2879,0.621864020824432,72417304.0244141,6.21673855372458,-4.85206715487735,-8.61762647068982,NA,"kidney (right)","WT-LI"
"646","Scan_0086","WT/WT","WT","LI",5,19799.4654748874,3243.8955078125,37948.01953125,70550916.422475,6554,1.41566395759583,129765696.722412,4.19151456211851,-5.57979176575438,-8.61582099178837,NA,"stomach","WT-LI"
"647","Scan_0086","WT/WT","WT","LI",6,35822.14867224,1911.6875,57015.19921875,34360421.3006999,83574,18.0519847869873,2993800253.13379,5.30307945551073,-6.5530156668702,-7.99378466750262,NA,"liver","WT-LI"
"648","Scan_0086","WT/WT","WT","LI",7,32781.167910861,12970.9658203125,40515.98046875,20778812.359916,388,0.083807997405529,12719093.1494141,4.86370340406279,-5.37294174263157,-9.31348395986657,NA,"adrenal (left)","WT-LI"
"649","Scan_0086","WT/WT","WT","LI",8,33822.2158316679,18006.53125,45971.9375,26569531.7847441,344,0.07430399954319,11634842.2460938,6.02476310197698,-5.39611604136089,-9.22453766401427,NA,"adrenal (right)","WT-LI"
"650","Scan_0086","WT/WT","WT","LI",9,23647.6360909598,8368.7255859375,33059.234375,14431057.4707049,616,0.133055999875069,14566943.8320312,5.2830808307598,-4.17292969282569,-6.59803811704958,NA,"rectum","WT-LI"
"651","Scan_0086","WT/WT","WT","LI",10,20458.7191241383,1621.49401855469,41741.53125,33769281.7037413,2125,0.458999991416931,43474778.1387939,5.30404031127931,-5.3288740167371,-6.81128398412364,NA,"bladder","WT-LI"
"652","Scan_0086","WT/WT","WT","LI",11,23618.0769774569,4467.70947265625,45323.88671875,37778440.7852299,6831,1.47549605369568,161335083.833008,5.06031309125295,-8.54654347035271,-7.89099030978452,NA,"heart","WT-LI"
"653","Scan_0086","WT/WT","WT","LI",12,27940.166831412,12989.7138671875,32399.61328125,4591486.4110177,492,0.106271997094154,13746562.0810547,4.91860031127928,-9.73948813438417,-8.55679801568751,NA,"thymus (left)","WT-LI"
"654","Scan_0086","WT/WT","WT","LI",13,27521.2477029285,11673.28515625,31561.009765625,4020963.14975065,477,0.103032000362873,13127635.1542969,5.44992106599628,-9.792161090359,-8.44026020313956,NA,"thymus (right)","WT-LI"
"655","Scan_0086","WT/WT","WT","LI",14,20692.9637821117,254.3623046875,39877.19921875,17377646.2013532,137414,29.6814231872559,2843502925.15509,5.08929427259258,-13.1717936491053,-6.1129699469009,NA,"brain","WT-LI"
"656","Scan_0086","WT/WT","WT","LI",15,20902.218080539,5767.2783203125,36937.30078125,8058027.96674139,32456,7.01049613952637,678402390.021973,5.30679602239571,-8.55891012107471,-9.67996037583421,NA,"spinal cord","WT-LI"
"658","Scan_0093","WT/WT","WT","LI",1,24261.0761112296,6465.14990234375,33751.8046875,8533814.87245167,7673,1.65736794471741,186155237.001465,4.25356447132102,-7.96967776034537,-9.39649740505777,NA,"lung (left)","WT-LI"
"659","Scan_0093","WT/WT","WT","LI",2,23560.3300276075,2888.21484375,39874.3359375,17497198.6634036,16272,3.51475191116333,383373690.209229,6.14340857086623,-7.92831188069696,-9.26676240161461,NA,"lung (right)","WT-LI"
"660","Scan_0093","WT/WT","WT","LI",3,21693.8018441102,5871.92138671875,30412.19921875,15452352.6726131,2863,0.618408024311066,62109354.6796875,4.52532053482105,-4.73050978999015,-8.77434697933655,NA,"kidney (left)","WT-LI"
"661","Scan_0093","WT/WT","WT","LI",4,22054.9942214574,6650.51220703125,31664.16796875,13606216.726039,3268,0.705887973308563,72075721.1157227,6.04077289389864,-4.64875986021034,-8.82313619522596,NA,"kidney (right)","WT-LI"
"662","Scan_0093","WT/WT","WT","LI",5,17330.3443616989,1660.90625,32626.888671875,55553616.8486,7520,1.6243200302124,130324189.599976,3.985416800641,-5.54729132587358,-8.56046109300956,NA,"stomach","WT-LI"
"663","Scan_0093","WT/WT","WT","LI",6,30326.604648405,3220.83544921875,43893.08984375,25224686.1417087,104964,22.6722240447998,3183201730.31519,5.33839967105916,-6.48386620686688,-7.97035747997964,NA,"liver","WT-LI"
"664","Scan_0093","WT/WT","WT","LI",7,28823.0521405857,12331.46484375,36856.46875,13980997.6492496,398,0.0859680026769638,11471574.7519531,4.59010784896774,-5.27529215448464,-9.40326326878227,NA,"adrenal (left)","WT-LI"
"665","Scan_0093","WT/WT","WT","LI",8,29371.531182981,11369.724609375,38513.40234375,18593449.8075852,408,0.088128000497818,11983584.7226562,5.92080619363224,-5.28154695791355,-9.476288690006,NA,"adrenal (right)","WT-LI"
"666","Scan_0093","WT/WT","WT","LI",9,21207.8802782012,11032.220703125,31985.255859375,12845512.9272157,615,0.132840007543564,13042846.3710938,5.21840518932806,-3.92839057340855,-6.6644565522729,NA,"rectum","WT-LI"
"667","Scan_0093","WT/WT","WT","LI",10,19550.1293392589,6301.568359375,29091.072265625,23576681.6568564,1917,0.414072006940842,37477597.9433594,5.34914804210872,-5.06717984017445,-6.66844693358517,NA,"bladder","WT-LI"
"668","Scan_0093","WT/WT","WT","LI",11,18714.4398415492,2325.32666015625,32550.513671875,41335235.0655011,8320,1.79711997509003,155704139.481689,5.24122290743316,-8.60193284592265,-7.7112389162504,NA,"heart","WT-LI"
"669","Scan_0093","WT/WT","WT","LI",12,24563.2797895355,14657.732421875,27894.01171875,3682766.16983307,446,0.0963359996676445,10955222.7861328,5.02178416778154,-9.96946571285948,-8.47043139641591,NA,"thymus (left)","WT-LI"
"670","Scan_0093","WT/WT","WT","LI",13,24675.7719928147,15828.5361328125,28360.08203125,4269489.06711068,436,0.0941760018467903,10758636.5888672,5.57860031127931,-10.0149927215401,-8.38730595929909,NA,"thymus (right)","WT-LI"
"671","Scan_0093","WT/WT","WT","LI",14,19372.2460111214,1939.44055175781,36394.7734375,18154610.6668264,137283,29.6531276702881,2659480049.14478,5.05304055515438,-13.2543694743892,-6.12403014593118,NA,"brain","WT-LI"
"672","Scan_0093","WT/WT","WT","LI",15,18321.6119127279,8592.1884765625,34935.05078125,5784618.12845042,37026,7.99761581420898,678376002.680664,5.25958556488471,-8.47631117765137,-9.75494774039968,NA,"spinal cord","WT-LI"
"674","Scan_0095","WT/WT","WT","LI",1,28063.3853478195,8362.2841796875,40418.53515625,13981163.9110927,5792,1.25107204914093,162543127.93457,4.24512310133455,-7.80488178079304,-9.4494815320602,NA,"lung (left)","WT-LI"
"675","Scan_0095","WT/WT","WT","LI",2,25339.7143765731,2295.30932617188,39614.76953125,31046724.2963481,13049,2.81858396530151,330657932.899902,6.02687834024701,-7.97667604150349,-9.20276574707181,NA,"lung (right)","WT-LI"
"676","Scan_0095","WT/WT","WT","LI",3,22182.958320794,7761.94921875,35905.38671875,16680650.6063892,2596,0.560736000537872,57586959.8007812,4.80209029587097,-4.80284714825163,-8.7094986057135,NA,"kidney (left)","WT-LI"
"677","Scan_0095","WT/WT","WT","LI",4,22822.4297390754,9816.787109375,33663.90234375,14032519.8587662,2897,0.625751972198486,66116578.9541016,6.10381259985368,-4.82733245609625,-8.71020338878166,NA,"kidney (right)","WT-LI"
"678","Scan_0095","WT/WT","WT","LI",5,16871.0412097916,1760.16259765625,34715.21875,70361207.8878431,7670,1.6567200422287,129400886.079102,4.16361726043186,-5.49766414481445,-8.59999380542887,NA,"stomach","WT-LI"
"679","Scan_0095","WT/WT","WT","LI",6,33182.94040583,1058.10388183594,64264.53125,37322364.6823136,86282,18.6369113922119,2863090464.09583,5.34521142367791,-6.546938008054,-8.06075863602399,NA,"liver","WT-LI"
"680","Scan_0095","WT/WT","WT","LI",7,31360.0760426606,17781.029296875,42176.95703125,18920862.0633215,393,0.0848880037665367,12324509.8847656,4.78241710517242,-5.27868660766659,-9.37146381349055,NA,"adrenal (left)","WT-LI"
"681","Scan_0095","WT/WT","WT","LI",8,31379.5767384901,11372.2724609375,41675.42578125,22851126.5122407,374,0.0807840004563332,11735961.7001953,6.01624737010284,-5.35860578144297,-9.35578066861567,NA,"adrenal (right)","WT-LI"
"682","Scan_0095","WT/WT","WT","LI",9,22328.6360886518,8304.9169921875,33489.48828125,15676111.4097495,544,0.117504000663757,12146778.0322266,5.18871060539695,-4.20845872261945,-6.51827398412367,NA,"rectum","WT-LI"
"683","Scan_0095","WT/WT","WT","LI",10,20079.6273761867,8250.1240234375,29431.455078125,23107419.4369279,1692,0.365471988916397,33974729.5205078,5.20345846730766,-5.21842430459692,-6.83992031286791,NA,"bladder","WT-LI"
"684","Scan_0095","WT/WT","WT","LI",11,22896.9852090786,1895.35229492188,43705.5703125,38050571.1459852,6530,1.41048002243042,149517313.415283,4.99293415507714,-8.47310681738586,-7.77628085287422,NA,"heart","WT-LI"
"685","Scan_0095","WT/WT","WT","LI",12,26341.6405647494,13904.52734375,31910.142578125,4494768.88083075,389,0.0840239971876144,10246898.1796875,4.76420442438983,-9.6300922474947,-8.42057192000756,NA,"thymus (left)","WT-LI"
"686","Scan_0095","WT/WT","WT","LI",13,25952.2084928601,12112.12109375,30264.80078125,4803639.20785644,453,0.0978479981422424,11756350.4472656,5.30257382121306,-9.70011727345701,-8.32368058716225,NA,"thymus (right)","WT-LI"
"687","Scan_0095","WT/WT","WT","LI",14,19405.9467306133,1542.19299316406,36275.32421875,15595995.8126621,143074,30.9039840698242,2776486422.53577,5.25100997341185,-13.2097377255041,-6.17415069724269,NA,"brain","WT-LI"
"688","Scan_0095","WT/WT","WT","LI",15,19557.2533398758,6199.796875,40460.05859375,7178582.88846306,32307,6.97831201553345,631836183.651367,5.19856873917435,-8.36954895711726,-9.63098646083877,NA,"spinal cord","WT-LI"
"690","Scan_0113","WT/WT","WT","LI",1,25384.9172548268,4152.95166015625,35674.76953125,15563144.7758664,5873,1.26856803894043,149085619.037598,4.32631357536922,-7.888629118549,-9.42640963230441,NA,"lung (left)","WT-LI"
"691","Scan_0113","WT/WT","WT","LI",2,23799.2905651256,2148.68237304688,42319.2109375,26364177.0818087,12956,2.79849600791931,308343608.561768,6.01151633474337,-7.92130659687261,-9.26512157234083,NA,"lung (right)","WT-LI"
"692","Scan_0113","WT/WT","WT","LI",3,21871.3675653287,7455.32080078125,32293.27734375,14565150.0075304,1450,0.313199996948242,31713482.9697266,4.52926238024481,-4.90462606541865,-8.62442459264289,NA,"kidney (left)","WT-LI"
"693","Scan_0113","WT/WT","WT","LI",4,23113.1262438834,8929.0126953125,33493.96875,14772216.8352487,2612,0.564191997051239,60371485.7490234,5.86403675844618,-4.91631049273024,-8.76753047002588,NA,"kidney (right)","WT-LI"
"694","Scan_0113","WT/WT","WT","LI",5,17119.8429340223,1815.41345214844,31670.201171875,54159976.9802813,6976,1.50681602954865,119428024.307739,3.9875251966004,-5.63167276741173,-8.38581800058355,NA,"stomach","WT-LI"
"695","Scan_0113","WT/WT","WT","LI",6,30734.1237678585,2449.93505859375,60745.6640625,28254792.1853242,84181,18.1830959320068,2587229272.9021,5.3991049382138,-6.62141879569725,-7.9954167208511,NA,"liver","WT-LI"
"696","Scan_0113","WT/WT","WT","LI",7,29470.2814337913,13066.2255859375,38039.94140625,20562931.1870356,356,0.076895996928215,10491420.1904297,4.48562278318942,-5.36808364000212,-9.16289146594787,NA,"adrenal (left)","WT-LI"
"697","Scan_0113","WT/WT","WT","LI",8,30441.671429178,18507.65234375,42634.58984375,21772690.3737963,276,0.0596159994602203,8401901.31445312,5.73120900693148,-5.47687943873197,-9.34374393297279,NA,"adrenal (right)","WT-LI"
"698","Scan_0113","WT/WT","WT","LI",9,21682.379795269,12039.5400390625,30398.48046875,10513901.9876413,647,0.139752000570297,14028499.7275391,5.24790479350493,-4.18241703701164,-6.65345161390822,NA,"rectum","WT-LI"
"699","Scan_0113","WT/WT","WT","LI",10,18692.0676879883,6762.74169921875,29194.837890625,20735313.1095256,1872,0.404352009296417,34991550.7119141,5.32863236256135,-5.26464839079441,-6.76954660855809,NA,"bladder","WT-LI"
"700","Scan_0113","WT/WT","WT","LI",11,20288.7101064822,1236.62219238281,37215.49609375,32023744.5593381,7041,1.52085602283478,142852807.859741,5.12430972755541,-8.59423674963784,-7.85428801329756,NA,"heart","WT-LI"
"701","Scan_0113","WT/WT","WT","LI",12,24647.7441967493,13326.71875,28800.3359375,3894260.20825292,348,0.0751679986715317,8577414.98046875,5.03946238024481,-9.8772467550738,-8.52345907540154,NA,"thymus (left)","WT-LI"
"702","Scan_0113","WT/WT","WT","LI",13,24812.3453082803,14737.7919921875,29398.119140625,4153499.85407826,324,0.069983996450901,8039199.87988281,5.59952623720522,-9.95078443068043,-8.44329304730452,NA,"thymus (right)","WT-LI"
"703","Scan_0113","WT/WT","WT","LI",14,18525.5060329948,1506.37939453125,32532.0390625,14561541.0614728,141636,30.593376159668,2623878572.48926,5.03311823045176,-13.1094872871414,-6.07567419020065,NA,"brain","WT-LI"
"704","Scan_0113","WT/WT","WT","LI",15,18379.0228177523,4788.9970703125,39271.40234375,6949926.28290572,33947,7.33255195617676,623912687.594238,5.24819998135315,-8.56355786072281,-9.69129314331228,NA,"spinal cord","WT-LI"
"706","Scan_0195","WT/WT","WT","LI",1,27543.0903773,3266.25317382812,35013.15234375,10772596.2157746,6283,1.35712802410126,173053236.840576,4.38903800028139,-7.85599855934044,-9.54751089558446,NA,"lung (left)","WT-LI"
"707","Scan_0195","WT/WT","WT","LI",2,25546.2738706016,3449.20776367188,39362.70703125,20059730.563336,14645,3.16332006454468,374125180.834961,6.09781642599418,-7.93889305073794,-9.26238498868189,NA,"lung (right)","WT-LI"
"708","Scan_0195","WT/WT","WT","LI",3,22890.1271617966,4755.23779296875,33874.4140625,16423135.1328785,2829,0.611064016819,64756169.7407227,4.74313901753592,-4.94728771020598,-8.64177150455293,NA,"kidney (left)","WT-LI"
"709","Scan_0195","WT/WT","WT","LI",4,23271.9462046742,6598.0087890625,32611.5625,13420959.948414,3003,0.648648023605347,69885654.4526367,6.11404486672384,-4.95379882369483,-8.63625490026643,NA,"kidney (right)","WT-LI"
"710","Scan_0195","WT/WT","WT","LI",5,17892.1729851713,2442.11108398438,35364.046875,57090465.4718103,7194,1.55390405654907,128716292.455322,4.12805819284729,-5.63208613271616,-8.61606325704713,NA,"stomach","WT-LI"
"711","Scan_0195","WT/WT","WT","LI",6,32705.3547225776,4907.63916015625,49693.67578125,25148715.616998,81549,17.6145839691162,2667088972.27148,5.38821072955526,-6.58735683908866,-8.07115000038237,NA,"liver","WT-LI"
"712","Scan_0195","WT/WT","WT","LI",7,30901.2283151042,13334.3232421875,39648.015625,18388264.5134096,375,0.0810000002384186,11587960.6181641,4.73652031127929,-5.35280813438414,-9.34798045471192,NA,"adrenal (left)","WT-LI"
"713","Scan_0195","WT/WT","WT","LI",8,31285.067291352,18669.849609375,40419,14730693.8982927,331,0.0714960023760796,10355357.2734375,5.96053384602251,-5.43385369329654,-9.32212039428896,NA,"adrenal (right)","WT-LI"
"714","Scan_0195","WT/WT","WT","LI",9,25390.9289905516,11770.0751953125,35604.17578125,15167074.7197414,702,0.151631996035576,17824432.1513672,5.36219005486902,-4.48841975831579,-6.42198250599393,NA,"rectum","WT-LI"
"715","Scan_0195","WT/WT","WT","LI",10,21094.2474655999,5840.02978515625,31343.06640625,23909344.8910881,1927,0.416231989860535,40648614.8662109,5.24089403208885,-5.57548969120823,-6.59251674947055,NA,"bladder","WT-LI"
"716","Scan_0195","WT/WT","WT","LI",11,22918.712961287,2379.0078125,38541.1484375,44379403.2203967,6226,1.34481596946716,142691906.896973,5.06505389303321,-8.49551929403738,-7.86971748008951,NA,"heart","WT-LI"
"717","Scan_0195","WT/WT","WT","LI",12,27741.7355974595,16827.25,31838.193359375,4017820.47936322,417,0.0900719985365868,11568303.7441406,4.98291685804188,-9.69527950129063,-8.52739110219387,NA,"thymus (left)","WT-LI"
"718","Scan_0195","WT/WT","WT","LI",13,27891.5737847222,17618.34375,31366.544921875,3535849.40182074,414,0.0894239991903305,11547111.546875,5.51106407939525,-9.8020243662682,-8.43881639674089,NA,"thymus (right)","WT-LI"
"719","Scan_0195","WT/WT","WT","LI",14,21804.7440884031,1698.48669433594,35151.30859375,15069962.5683254,121451,26.2334156036377,2648207974.28064,5.09388581736743,-12.7993365917867,-6.11942776037261,NA,"brain","WT-LI"
"720","Scan_0195","WT/WT","WT","LI",15,21289.7235918074,8590.875,32029.41015625,5560238.26818063,28936,6.25017595291138,616039441.852539,5.30443456618656,-8.32518968262871,-9.57261364243596,NA,"spinal cord","WT-LI"
"722","Scan_0082","MUT/MUT","KO","LI",1,26232.5931546532,3861.87744140625,38795.37890625,44210694.1439177,4686,1.01217603683472,122925931.522705,4.45085383240606,-7.98250349930095,-9.47898470567242,NA,"lung (left)","KO-LI"
"723","Scan_0082","MUT/MUT","KO","LI",2,25241.4605455621,1889.96826171875,43356.4375,60625461.4891131,7810,1.68695998191833,197135806.86084,6.12671298733572,-8.02864690519071,-9.25782977609511,NA,"lung (right)","KO-LI"
"724","Scan_0082","MUT/MUT","KO","LI",3,23049.6093444263,4089.36694335938,35284.34765625,28794448.5933546,3809,0.822744011878967,87795961.9929199,4.30500619208788,-5.41165536987903,-9.30414755368795,NA,"kidney (left)","KO-LI"
"725","Scan_0082","MUT/MUT","KO","LI",4,24099.5749925868,5525.455078125,39586.5078125,29503820.8797413,3649,0.788183987140656,87939349.1479492,6.17462113890331,-5.41966489514053,-8.92574019162604,NA,"kidney (right)","KO-LI"
"726","Scan_0082","MUT/MUT","KO","LI",5,16222.5484515928,2851.25317382812,33979.2578125,67936744.3247979,8208,1.77292799949646,133154677.690674,4.02533276741964,-6.1640349180098,-8.79406302781111,NA,"stomach","KO-LI"
"727","Scan_0082","MUT/MUT","KO","LI",6,34495.5728596047,1635.21936035156,54060.296875,55256468.8740957,112617,24.3252716064453,3884787928.7301,5.31422299701923,-6.63042169681247,-7.64548987371396,NA,"liver","KO-LI"
"728","Scan_0082","MUT/MUT","KO","LI",7,25758.5230882052,3219.169921875,34181.328125,31364320.2530169,267,0.0576720014214516,6877525.66455078,4.74691491802086,-6.23999375236169,-9.36732966819505,NA,"adrenal (left)","KO-LI"
"729","Scan_0082","MUT/MUT","KO","LI",8,26293.4438432573,17166.650390625,36446.50390625,12034086.2448218,222,0.0479520000517368,5837144.53320312,5.93292463560363,-6.06854218843821,-9.29043018444164,NA,"adrenal (right)","KO-LI"
"730","Scan_0082","MUT/MUT","KO","LI",9,21083.8239105274,9535.0009765625,32645.259765625,14380535.9043998,621,0.134136006236076,13093054.6484375,5.19376939340488,-4.32632388317642,-7.53079707306939,NA,"rectum","KO-LI"
"731","Scan_0082","MUT/MUT","KO","LI",10,23592.0778996212,2429.74438476562,30783.140625,16947002.3725292,1028,0.222047999501228,24252656.0808105,5.2127637354038,-4.91135583866432,-7.14118683603489,NA,"bladder","KO-LI"
"732","Scan_0082","MUT/MUT","KO","LI",11,20820.786881652,3256.546875,43356.38671875,70313368.2680681,11956,2.58249592781067,248933327.957031,5.0406729108109,-8.59945300557839,-7.44879848080812,NA,"heart","KO-LI"
"733","Scan_0082","MUT/MUT","KO","LI",12,26822.7303795558,13910.3173828125,31828.3515625,5756766.1667277,427,0.0922320038080215,11453305.8720703,4.84778063914813,-10.2889377830961,-8.38259741021544,NA,"thymus (left)","KO-LI"
"734","Scan_0082","MUT/MUT","KO","LI",13,26237.9148079676,9939.376953125,31346.779296875,8518067.15102542,393,0.0848880037665367,10311500.5195312,5.75203542578312,-10.2780759206437,-8.24886839364326,NA,"thymus (right)","KO-LI"
"735","Scan_0082","MUT/MUT","KO","LI",14,20853.1370378104,2949.68676757812,37214.30859375,15896106.6369231,128311,27.7151756286621,2675686866.4585,5.29269138686855,-13.4460677339518,-6.3818525772884,NA,"brain","KO-LI"
"736","Scan_0082","MUT/MUT","KO","LI",15,20913.5494283833,6818.4599609375,39068.3828125,8981577.54577328,29268,6.3218879699707,612097764.669922,5.41315955687206,-8.46794651896787,-9.82990914679886,NA,"spinal cord","KO-LI"
"738","Scan_0105","MUT/MUT","KO","LI",1,27752.4805539926,4717.638671875,54272.19921875,22909245.5114801,3013,0.650807976722717,83618223.9091797,4.48784690935431,-8.26429563521388,-9.48118170263736,NA,"lung (left)","KO-LI"
"739","Scan_0105","MUT/MUT","KO","LI",2,24354.8422766575,240.233489990234,39656.859375,70852545.5666963,5160,1.11456000804901,125670986.147552,5.93575147406998,-8.30682534368653,-9.21632836168862,NA,"lung (right)","KO-LI"
"740","Scan_0105","MUT/MUT","KO","LI",3,22090.2011122747,4984.3251953125,33412.98828125,17985424.8558909,3318,0.716687977313995,73295287.2905273,4.45122237276212,-5.78105232968252,-9.2433405993774,NA,"kidney (left)","KO-LI"
"741","Scan_0105","MUT/MUT","KO","LI",4,22731.9513722217,8358.60546875,35088.1875,15564495.3142166,2871,0.620136022567749,65263432.3896484,6.34900783479027,-5.98741394420651,-9.03623859473273,NA,"kidney (right)","KO-LI"
"742","Scan_0105","MUT/MUT","KO","LI",5,17077.0792373945,2072.73657226562,31632.693359375,49758859.6722302,6156,1.32969605922699,105126499.7854,4.04964319626955,-6.84102809539778,-9.00836127342525,NA,"stomach","KO-LI"
"743","Scan_0105","MUT/MUT","KO","LI",6,31067.8200724457,1116.78234863281,64242.5625,43796879.5986416,91619,19.7897033691406,2846402607.21741,5.28040845151262,-7.01848021026427,-7.64664496403212,NA,"liver","KO-LI"
"744","Scan_0105","MUT/MUT","KO","LI",7,25372.9750225361,9605.5849609375,34259.36328125,15002643.4078514,260,0.0561599992215633,6596973.50585938,4.73467723435621,-6.50433428823032,-9.42354660855807,NA,"adrenal (left)","KO-LI"
"745","Scan_0105","MUT/MUT","KO","LI",8,25095.651760349,17200.751953125,34536.421875,9372475.9651127,231,0.0498960018157959,5797095.55664062,6.01158732426632,-6.59305956295558,-9.31096019497167,NA,"adrenal (right)","KO-LI"
"746","Scan_0105","MUT/MUT","KO","LI",9,17835.7324977565,6608.15966796875,40611.9375,19567233.627478,740,0.159840002655983,13198442.0483398,5.41035706803607,-4.61483948573552,-7.63759234660381,NA,"rectum","KO-LI"
"747","Scan_0105","MUT/MUT","KO","LI",10,21429.3019908395,5234.603515625,46427.31640625,33785293.8218826,1362,0.294191986322403,29186709.3115234,5.37882057559647,-5.24109606389956,-7.33937886880879,NA,"bladder","KO-LI"
"748","Scan_0105","MUT/MUT","KO","LI",11,22462.0768747426,1125.26293945312,54011.19921875,82451030.1705483,8649,1.86818397045135,194274502.889648,4.61125379723144,-8.82430082949342,-7.90519230348106,NA,"heart","KO-LI"
"749","Scan_0105","MUT/MUT","KO","LI",12,19207.3057765587,3666.66528320312,46018.57421875,110889470.448071,102,0.0220320001244545,1959145.18920898,5.08860031127931,-9.89448813438415,-8.52481810177074,NA,"thymus (left)","KO-LI"
"750","Scan_0105","MUT/MUT","KO","LI",13,25769.5459187826,13810.0693359375,37722.75,6814229.80342751,384,0.0829439982771873,9895505.6328125,5.7039128112793,-9.99339438438414,-8.39866920471193,NA,"thymus (right)","KO-LI"
"751","Scan_0105","MUT/MUT","KO","LI",14,16945.6686302966,260.188873291016,43416.3046875,26626664.0357984,137464,29.6922245025635,2329419392.59509,5.13832984046453,-13.0337995177273,-6.2215306357035,NA,"brain","KO-LI"
"752","Scan_0105","MUT/MUT","KO","LI",15,20294.6010341821,7057.572265625,43534.3671875,6109864.24312504,28331,6.11949586868286,574966341.899414,5.38135912671087,-8.39762003936479,-9.81574581138818,NA,"spinal cord","KO-LI"
"754","Scan_0110","MUT/MUT","KO","LI",1,25742.121851049,1723.56970214844,35947.9765625,31492605.9685062,2478,0.535247981548309,63788977.9468994,4.52460515389433,-7.84884648789505,-9.50803701645509,NA,"lung (left)","KO-LI"
"755","Scan_0110","MUT/MUT","KO","LI",2,24217.3038517393,1156.63122558594,40450.515625,63794619.3245195,3480,0.751680016517639,84276217.4040527,5.88922100093447,-7.82274675507386,-9.26695907540156,NA,"lung (right)","KO-LI"
"756","Scan_0110","MUT/MUT","KO","LI",3,23212.1100196037,4109.548828125,34292.125,19629980.2906723,2427,0.524232029914856,56335791.0175781,4.44992293179847,-5.49845599594164,-9.06026782183184,NA,"kidney (left)","KO-LI"
"757","Scan_0110","MUT/MUT","KO","LI",4,22920.4923122046,1243.50842285156,33442.61328125,25367125.3508117,2595,0.560519993305206,59478677.5501709,6.13527083151051,-5.54317021530902,-8.86184496338244,NA,"kidney (right)","KO-LI"
"758","Scan_0110","MUT/MUT","KO","LI",5,17035.6511757813,1594.6083984375,32572.99609375,57514675.4728509,5250,1.13399994373322,89437168.6728516,4.12966316842217,-6.34047670581276,-8.82698616899749,NA,"stomach","KO-LI"
"759","Scan_0110","MUT/MUT","KO","LI",6,30421.698367056,550.151062011719,47941.91796875,38812442.3124066,88166,19.0438556671143,2682159458.22986,5.48356775904835,-6.77239571780665,-7.69343688371436,NA,"liver","KO-LI"
"760","Scan_0110","MUT/MUT","KO","LI",7,23663.0236563411,3855.13647460938,32570.939453125,39623953.5216979,193,0.0416879989206791,4566963.56567383,4.76626870506167,-6.17547259034271,-9.21184035108496,NA,"adrenal (left)","KO-LI"
"761","Scan_0110","MUT/MUT","KO","LI",8,26125.8219546797,7600.310546875,44185.2734375,31819273.107415,201,0.0434160009026527,5251290.21289062,5.79979434113005,-6.20001052244386,-9.15696911142831,NA,"adrenal (right)","KO-LI"
"762","Scan_0110","MUT/MUT","KO","LI",9,18680.6716890213,1684.5625,31193.224609375,25368318.0040102,701,0.151416003704071,13095150.8540039,5.27723083909666,-4.85370354094622,-7.41697720221548,NA,"rectum","KO-LI"
"763","Scan_0110","MUT/MUT","KO","LI",10,22113.4539604521,1781.22082519531,29950.962890625,18745210.994721,686,0.148175999522209,15169829.4168701,5.34839622964662,-5.43824906732874,-7.13207071710265,NA,"bladder","KO-LI"
"764","Scan_0110","MUT/MUT","KO","LI",11,20027.5470581055,1196.53051757812,45064.7734375,46523460.4717075,6874,1.48478400707245,137669358.477417,4.26928404709544,-8.38932665635109,-8.19074991645211,NA,"heart","KO-LI"
"765","Scan_0110","MUT/MUT","KO","LI",12,27318.2936088498,15534.03515625,31446.23046875,3932227.60586625,238,0.0514080002903938,6501753.87890625,4.81523896674147,-9.78826964698918,-8.43061642109848,NA,"thymus (left)","KO-LI"
"766","Scan_0110","MUT/MUT","KO","LI",13,26366.0346761068,14773.876953125,31381.794921875,8978137.32686893,240,0.0518399998545647,6327848.32226562,5.4263503112793,-9.71923813438414,-8.3984504547119,NA,"thymus (right)","KO-LI"
"767","Scan_0110","MUT/MUT","KO","LI",14,16322.3325928483,1450.26501464844,30284.810546875,28542578.7294484,139286,30.0857753753662,2273472417.52747,5.15091281935545,-12.6929192760634,-6.25205306732112,NA,"brain","KO-LI"
"768","Scan_0110","MUT/MUT","KO","LI",15,20096.2639414497,8618.51953125,32302.203125,6201449.71819081,24199,5.22698402404785,486309491.119141,5.25370424119368,-8.07131816868324,-9.73017481315606,NA,"spinal cord","KO-LI"
"770","Scan_0125","MUT/MUT","KO","LI",1,26140.6463978642,5339.32421875,34759.72265625,15556807.5531087,4013,0.866807997226715,104902413.994629,4.51772316201441,-8.20997031728969,-9.4643859767653,NA,"lung (left)","KO-LI"
"771","Scan_0125","MUT/MUT","KO","LI",2,23753.8712791657,2199.58032226562,42314.55859375,43838314.9925714,7371,1.59213602542877,175089785.19873,6.15904801172709,-8.23891222880825,-9.21317501718661,NA,"lung (right)","KO-LI"
"772","Scan_0125","MUT/MUT","KO","LI",3,22198.6128475671,4265.93115234375,34431.31640625,21798482.0659021,3461,0.747575998306274,76829399.0654297,4.67778551786699,-5.35804490988258,-9.13737482628094,NA,"kidney (left)","KO-LI"
"773","Scan_0125","MUT/MUT","KO","LI",4,23414.3947875327,8330.4130859375,35641.1015625,16071989.8231947,3197,0.690551996231079,74855820.1357422,6.46381144671878,-5.57985253851304,-9.00034074248161,NA,"kidney (right)","KO-LI"
"774","Scan_0125","MUT/MUT","KO","LI",5,16390.8680407443,1453.552734375,33472.875,53043575.0854694,7826,1.6904159784317,128274933.286865,4.02303169385022,-6.39224177609118,-9.00229002792906,NA,"stomach","KO-LI"
"775","Scan_0125","MUT/MUT","KO","LI",6,30781.4696642493,98.3965377807617,53168.40625,38019548.8808164,106899,23.0901832580566,3290508325.63859,5.22850180708319,-6.929434111428,-7.69175284996001,NA,"liver","KO-LI"
"776","Scan_0125","MUT/MUT","KO","LI",7,23855.3502176715,7989.205078125,33493.14453125,16310079.4574289,297,0.0641520023345947,7085039.01464844,4.89334778602676,-6.09620530610133,-9.44140752541898,NA,"adrenal (left)","KO-LI"
"777","Scan_0125","MUT/MUT","KO","LI",8,24488.3994026184,11347.5107421875,33134.6484375,12095936.0235399,256,0.0552960000932217,6269030.24707031,6.1434440612793,-6.21401938438417,-9.29734107971194,NA,"adrenal (right)","KO-LI"
"778","Scan_0125","MUT/MUT","KO","LI",9,17837.9324346877,5749.892578125,32749.478515625,17046918.9217788,907,0.195912003517151,16179004.7182617,5.42129049871039,-4.43654987639078,-7.41365525074278,NA,"rectum","KO-LI"
"779","Scan_0125","MUT/MUT","KO","LI",10,21175.3699501764,5069.56103515625,30677.39453125,21816771.109951,1187,0.256392002105713,25135164.1308594,5.37453965416051,-5.14613935595111,-7.22611747240354,NA,"bladder","KO-LI"
"780","Scan_0125","MUT/MUT","KO","LI",11,20159.3142381849,429.250305175781,46765.17578125,48160276.4719555,7067,1.52647197246552,142465873.721252,5.22395760574654,-8.76421644908641,-7.59172210463404,NA,"heart","KO-LI"
"781","Scan_0125","MUT/MUT","KO","LI",12,26746.002217757,13397.052734375,30840.21484375,5259542.03227967,417,0.0900719985365868,11153082.9248047,4.85672980768216,-9.97628669553523,-8.30796664176228,NA,"thymus (left)","KO-LI"
"782","Scan_0125","MUT/MUT","KO","LI",13,26829.1118948063,6832.275390625,32505.185546875,6987318.5769443,355,0.0766799971461296,9524334.72265625,5.77448763522297,-10.4116994019898,-8.1979117223176,NA,"thymus (right)","KO-LI"
"783","Scan_0125","MUT/MUT","KO","LI",14,17807.9459576862,544.713256835938,33995.6796875,25262569.8563402,139036,30.0317764282227,2475945574.17285,5.19332009608256,-13.2850874036381,-6.28365091358551,NA,"brain","KO-LI"
"784","Scan_0125","MUT/MUT","KO","LI",15,20199.8770303165,6908.1181640625,31162.37890625,5447835.07511084,30464,6.58022403717041,615369053.851562,5.44497701821174,-8.37738532451018,-9.83251571206354,NA,"spinal cord","KO-LI"
"786","Scan_0162","MUT/MUT","KO","LI",1,19000.9191884854,1894.76611328125,29081.640625,41263040.0947746,5550,1.19879996776581,105455101.496094,4.38808139236038,-7.85989353978952,-9.59537072498265,NA,"lung (left)","KO-LI"
"787","Scan_0162","MUT/MUT","KO","LI",2,18565.0139588973,1259.60107421875,28634.82421875,41196483.2713311,7074,1.52798402309418,131328908.745239,6.14274789397658,-7.96105301988022,-9.50066652765542,NA,"lung (right)","KO-LI"
"788","Scan_0162","MUT/MUT","KO","LI",3,19256.1932261563,5244.28564453125,29183.0703125,12404945.9208624,4347,0.938952028751373,83706671.9541016,4.30039465220405,-5.47773865198249,-9.2587059757609,NA,"kidney (left)","KO-LI"
"789","Scan_0162","MUT/MUT","KO","LI",4,19661.1075507087,6556.5048828125,30879.30859375,14240045.6629804,2960,0.639360010623932,58196878.3500977,6.11829625722524,-5.49203543168146,-8.7625720763336,NA,"kidney (right)","KO-LI"
"790","Scan_0162","MUT/MUT","KO","LI",5,13263.1275310239,2395.03979492188,26563.806640625,38893215.7186317,8674,1.87358403205872,115044368.204102,4.01474741757396,-6.2905153421313,-8.87591834726435,NA,"stomach","KO-LI"
"791","Scan_0162","MUT/MUT","KO","LI",6,24853.7255742328,2571.79077148438,35391.24609375,15479132.1453985,116828,25.2348480224609,2903611051.38647,5.53287000689995,-6.62925634063606,-7.61641381109731,NA,"liver","KO-LI"
"792","Scan_0162","MUT/MUT","KO","LI",7,19338.9366663883,5260.20068359375,25853.97265625,13042526.0143334,304,0.0656640008091927,5879036.74658203,4.75281083759508,-6.26244866069995,-9.35510834944876,NA,"adrenal (left)","KO-LI"
"793","Scan_0162","MUT/MUT","KO","LI",8,20612.3210606006,10665.7763671875,27621.1484375,6343845.15040595,218,0.0470880009233952,4493485.99121094,5.87254526540774,-6.09311198759517,-9.21106742718897,NA,"adrenal (right)","KO-LI"
"794","Scan_0162","MUT/MUT","KO","LI",9,16543.8417728048,4275.8818359375,27861.728515625,10216167.6814025,852,0.184031993150711,14095353.1904297,5.1787411563497,-4.43843179635599,-7.30464411668375,NA,"rectum","KO-LI"
"795","Scan_0162","MUT/MUT","KO","LI",10,18726.8522201538,2676.43994140625,25737.572265625,12943420.9841398,1760,0.380160003900528,32959259.9074707,5.20332758400657,-5.16455631620233,-7.05347318198456,NA,"bladder","KO-LI"
"796","Scan_0162","MUT/MUT","KO","LI",11,15215.5581736693,1409.13452148438,27158.986328125,29046094.0995962,11593,2.50408792495728,176393965.907349,4.71419765450368,-8.56268877270027,-8.01349869502917,NA,"heart","KO-LI"
"797","Scan_0162","MUT/MUT","KO","LI",12,9557.16231282552,4408.12548828125,15579.7841796875,7894899.20361671,96,0.0207359995692968,917487.58203125,5.1311003112793,-9.81073813438415,-8.61945045471192,NA,"thymus (left)","KO-LI"
"798","Scan_0162","MUT/MUT","KO","LI",13,22212.461989979,11454.5947265625,26643.384765625,3963336.79206338,566,0.122256003320217,12572253.4863281,5.74047310279874,-10.0125093357976,-8.58200787520669,NA,"thymus (right)","KO-LI"
"799","Scan_0162","MUT/MUT","KO","LI",14,17199.184828322,2786.669921875,27056.92578125,8234957.59596107,132396,28.5975360870361,2277103274.53052,5.20391164998975,-13.1203813637864,-6.36059803469939,NA,"brain","KO-LI"
"800","Scan_0162","MUT/MUT","KO","LI",15,18277.4563701571,8964.2490234375,26961.498046875,4578931.72239158,27755,5.99507999420166,507290801.553711,5.39396330893762,-8.39675547360245,-9.75455777771566,NA,"spinal cord","KO-LI"
"802","Scan_0166","MUT/MUT","KO","LI",1,22092.0623945473,2163.26953125,34123.94921875,30407281.8822098,7052,1.52323198318481,155793224.006348,4.05144205830141,-8.00358909864958,-8.75684055681047,NA,"lung (left)","KO-LI"
"803","Scan_0166","MUT/MUT","KO","LI",2,20662.0857274915,692.533569335938,39267.11328125,60448012.627104,9760,2.1081600189209,201661956.700317,6.1231126063613,-7.6289696917611,-8.7362557825806,NA,"lung (right)","KO-LI"
"804","Scan_0166","MUT/MUT","KO","LI",3,21109.9171964911,1784.53637695312,31066.873046875,17860487.6947959,7584,1.63814401626587,160097612.018188,4.24704176697551,-5.05074604577651,-9.05676058129424,NA,"kidney (left)","KO-LI"
"805","Scan_0166","MUT/MUT","KO","LI",4,20462.9951004328,3271.23168945312,29270.103515625,17793254.3470145,6732,1.45411205291748,137756883.016113,6.69697820789257,-5.1966271718173,-9.15472897521099,NA,"kidney (right)","KO-LI"
"806","Scan_0166","MUT/MUT","KO","LI",5,13854.0762647988,1742.68725585938,32640.2109375,44588662.696875,9193,1.98568797111511,127360523.102295,3.83267406304694,-6.28720541927478,-9.00527023606758,NA,"stomach","KO-LI"
"807","Scan_0166","MUT/MUT","KO","LI",6,25300.5390921497,98.3957901000977,43463.0078125,33833974.6106018,112837,24.3727912902832,2854836929.5409,5.27082254334837,-6.04329774470677,-7.20625723129938,NA,"liver","KO-LI"
"808","Scan_0166","MUT/MUT","KO","LI",7,21501.084899663,9012.3564453125,27911.283203125,7557182.34675568,255,0.0550800003111362,5482776.64941406,4.77577678186752,-5.9291940167371,-9.26975927824135,NA,"adrenal (left)","KO-LI"
"809","Scan_0166","MUT/MUT","KO","LI",8,22401.3663878835,7004.31103515625,32996.171875,15742833.7253209,218,0.0470880009233952,4883497.87255859,6.26254526540772,-6.03751565731994,-9.36437017948255,NA,"adrenal (right)","KO-LI"
"810","Scan_0166","MUT/MUT","KO","LI",9,17980.9272676503,3055.44750976562,29875.265625,14715938.7632726,1461,0.315575987100601,26270134.7380371,5.23605411004725,-3.77582283664288,-7.03172714875708,NA,"rectum","KO-LI"
"811","Scan_0166","MUT/MUT","KO","LI",10,20091.1149531425,738.196228027344,27050.71484375,11719245.5291035,1815,0.392040014266968,36465373.6399536,5.24273254268426,-4.43979391950814,-6.57946078529046,NA,"bladder","KO-LI"
"812","Scan_0166","MUT/MUT","KO","LI",11,19219.698740148,1504.40026855469,41368.9296875,56677251.4430998,23016,4.9714560508728,442360586.203247,4.92937716216565,-7.88075247223617,-6.6757995162336,NA,"heart","KO-LI"
"813","Scan_0166","MUT/MUT","KO","LI",12,22929.465309724,10217.3525390625,27483.98046875,6830112.76102836,788,0.170208007097244,18068418.6640625,4.89347340772599,-9.48631554555166,-7.91257862730066,NA,"thymus (left)","KO-LI"
"814","Scan_0166","MUT/MUT","KO","LI",13,23298.9117475507,10721.56640625,26807.1484375,4884385.23857726,807,0.174311995506287,18802221.7802734,5.64454826666964,-9.5874621120793,-7.8227450643773,NA,"thymus (right)","KO-LI"
"815","Scan_0166","MUT/MUT","KO","LI",14,16388.4999653222,1169.97863769531,28772.1875,9368429.67394172,185194,40.0019035339355,3035051862.57788,5.08378352455833,-13.4828783630108,-6.12060185540658,NA,"brain","KO-LI"
"816","Scan_0166","MUT/MUT","KO","LI",15,17776.771064837,4843.83251953125,25870.595703125,4223570.0861193,37248,8.04556846618652,662149168.623047,5.37008710251632,-7.99167724520852,-9.74106933357426,NA,"spinal cord","KO-LI"
"818","Scan_0170","MUT/MUT","KO","LI",1,21170.75705469,2998.59106445312,28148.42578125,8470713.61155666,5539,1.19642400741577,117264823.325928,4.46549686300345,-7.82616352705429,-9.69559303460021,NA,"lung (left)","KO-LI"
"819","Scan_0170","MUT/MUT","KO","LI",2,19915.4569618731,1606.22888183594,31428.482421875,31282584.1021199,8129,1.75586402416229,161892749.643066,6.22631097679791,-7.68499004113762,-9.26213359531976,NA,"lung (right)","KO-LI"
"820","Scan_0170","MUT/MUT","KO","LI",3,19969.5542604701,6092.02099609375,28589.8828125,12746474.6846015,4799,1.03658401966095,95833890.8959961,4.45105290556978,-4.83180632567402,-9.26751645804576,NA,"kidney (left)","KO-LI"
"821","Scan_0170","MUT/MUT","KO","LI",4,20634.5065946378,6739.26025390625,31138.07421875,14023778.5715135,4039,0.872424006462097,83342772.1357422,6.53946191068507,-5.16324030076198,-9.03033897909924,NA,"kidney (right)","KO-LI"
"822","Scan_0170","MUT/MUT","KO","LI",5,14037.055148754,2609.72314453125,28377.74609375,32548568.8904903,9539,2.06042408943176,133899469.063965,3.97998620078549,-5.91437176998546,-9.21717492792747,NA,"stomach","KO-LI"
"823","Scan_0170","MUT/MUT","KO","LI",6,23849.967893606,1274.50109863281,33179.02734375,12985167.0804711,149551,32.3030166625977,3566786548.45667,5.20597211086591,-6.2287329739374,-7.48147015869427,NA,"liver","KO-LI"
"824","Scan_0170","MUT/MUT","KO","LI",7,19906.350311186,14321.6015625,26374.65234375,5817874.21979682,327,0.0706320032477379,6509376.55175781,4.88502232962791,-5.69421290502636,-9.54024173911553,NA,"adrenal (left)","KO-LI"
"825","Scan_0170","MUT/MUT","KO","LI",8,21658.2166759673,13890.4033203125,28998.849609375,6458169.45428224,315,0.0680399984121323,6822338.25292969,6.14964793032692,-5.85020242009844,-9.49165283566429,NA,"adrenal (right)","KO-LI"
"826","Scan_0170","MUT/MUT","KO","LI",9,17492.4628456678,1840.93469238281,26828.23828125,10078233.855765,801,0.173015996813774,14011462.7393799,5.43343177195346,-4.01587390217439,-7.33624352587295,NA,"rectum","KO-LI"
"827","Scan_0170","MUT/MUT","KO","LI",10,19001.6803362378,938.244201660156,26737.0703125,14449615.9691332,1881,0.406296014785767,35742160.7124634,5.39505964142285,-4.70573215352292,-6.97589981675334,NA,"bladder","KO-LI"
"828","Scan_0170","MUT/MUT","KO","LI",11,14863.0459384943,2138.830078125,29817.537109375,32507164.5272998,15676,3.38601589202881,232993108.131836,4.47030355190193,-8.22479433494548,-7.62709494310207,NA,"heart","KO-LI"
"829","Scan_0170","MUT/MUT","KO","LI",12,21730.3149805893,12441.2265625,25423.048828125,3492370.7334807,648,0.139967992901802,14081244.1074219,4.82267438535336,-9.88689554179156,-8.38292267693415,NA,"thymus (left)","KO-LI"
"830","Scan_0170","MUT/MUT","KO","LI",13,22119.5873480903,13389.6875,26135.548828125,3088324.69574726,594,0.128304004669189,13139034.8847656,5.75779223047122,-9.88428611418212,-8.25110449511597,NA,"thymus (right)","KO-LI"
"831","Scan_0170","MUT/MUT","KO","LI",14,14277.4880185811,-52.8532104492188,29218.087890625,15408159.0097821,186314,40.243824005127,2660095902.69393,5.22588027950488,-13.5096909640171,-6.33148407805874,NA,"brain","KO-LI"
"832","Scan_0170","MUT/MUT","KO","LI",15,17701.8420691527,8309.26953125,27823.951171875,5037830.35987108,28998,6.26356792449951,513318016.321289,5.50652499574009,-7.96468469966461,-9.88504144374577,NA,"spinal cord","KO-LI"
"834","Scan_0176","MUT/MUT","KO","LI",1,23896.5872894411,3643.30151367188,31393.2265625,12395592.822775,2703,0.583847999572754,64592475.4433594,4.68232950106843,-8.40850589243077,-9.42834751353532,NA,"lung (left)","KO-LI"
"835","Scan_0176","MUT/MUT","KO","LI",2,21325.9312069005,754.528259277344,31442.1796875,45507555.2333181,5747,1.24135196208954,122560126.646057,6.11990533998994,-8.08666666231177,-9.02691413141285,NA,"lung (right)","KO-LI"
"836","Scan_0176","MUT/MUT","KO","LI",3,19713.1175085274,7641.5166015625,27417.5859375,11456909.8537616,2934,0.63374400138855,57838286.7700195,4.52111564870261,-5.74634907507944,-9.46847141585699,NA,"kidney (left)","KO-LI"
"837","Scan_0176","MUT/MUT","KO","LI",4,20045.5231438158,7846.8017578125,29323.845703125,10518196.465051,2730,0.589680016040802,54724278.1826172,6.43677613545514,-6.00110351899955,-9.30612902614054,NA,"kidney (right)","KO-LI"
"838","Scan_0176","MUT/MUT","KO","LI",5,14666.2322316108,3717.87890625,38573.5703125,40800792.4398107,5755,1.24308001995087,84404166.4929199,4.08262463795176,-6.77491732639111,-9.17176735306119,NA,"stomach","KO-LI"
"839","Scan_0176","MUT/MUT","KO","LI",6,26263.6432782424,829.827026367188,45827.19140625,32274901.8837463,82524,17.8251838684082,2167380897.89368,5.3047076255156,-6.83349787700495,-7.72339567064463,NA,"liver","KO-LI"
"840","Scan_0176","MUT/MUT","KO","LI",7,22794.4114831488,11618.9677734375,28909.1640625,8292469.2737224,223,0.0481679998338223,5083153.76074219,4.95008013190709,-6.2547123496308,-9.54612646368053,NA,"adrenal (left)","KO-LI"
"841","Scan_0176","MUT/MUT","KO","LI",8,22094.5892130534,13467.5458984375,27975.373046875,7596358.98912251,144,0.0311040002852678,3181620.84667969,6.0973503112793,-6.67698813438415,-9.48986712137857,NA,"adrenal (right)","KO-LI"
"842","Scan_0176","MUT/MUT","KO","LI",9,17516.1998454041,1687.04418945312,28129.40625,11369228.5724023,614,0.132624000310898,10754946.7050781,5.31231366632812,-4.8748464405731,-7.85017928207346,NA,"rectum","KO-LI"
"843","Scan_0176","MUT/MUT","KO","LI",10,19027.4445301843,2233.89672851562,32620.78515625,15556024.982633,1008,0.21772800385952,19179664.0864258,5.30050507318405,-5.4561548010508,-7.45927188328336,NA,"bladder","KO-LI"
"844","Scan_0176","MUT/MUT","KO","LI",11,20628.2401607143,1674.57922363281,50528.80859375,56930321.2499563,7701,1.66341602802277,158858077.477661,4.69510206429839,-8.51654890571273,-7.81172889257728,NA,"heart","KO-LI"
"845","Scan_0176","MUT/MUT","KO","LI",12,17512.6448408918,12000.37890625,26470.361328125,15855023.5867957,41,0.00885600037872791,718018.438476562,5.05030762835247,-9.7259515490183,-8.38435899129728,NA,"thymus (left)","KO-LI"
"846","Scan_0176","MUT/MUT","KO","LI",13,22761.6506300158,11555.2705078125,26387.09375,4401596.10781038,257,0.0555119998753071,5849744.21191406,5.52326957197969,-9.75016906823629,-8.21856037689093,NA,"thymus (right)","KO-LI"
"847","Scan_0176","MUT/MUT","KO","LI",14,13972.5402867808,660.943786621094,28399.765625,32787024.261918,128855,27.8326797485352,1800431678.65314,5.20039193752562,-13.1204327232629,-6.38796404556883,NA,"brain","KO-LI"
"848","Scan_0176","MUT/MUT","KO","LI",15,19134.2730106608,5960.37109375,27100.578125,5872835.5852303,19502,4.21243190765381,373156592.253906,5.41117132963638,-8.4006977539104,-9.74501590953785,NA,"spinal cord","KO-LI"
"850","Scan_0180","MUT/MUT","KO","LI",1,23085.5608175773,4319.02685546875,31836.763671875,23510828.1357748,4513,0.974807977676392,104185135.969727,3.98592138373662,-7.76872478406288,-9.40353892136385,NA,"lung (left)","KO-LI"
"851","Scan_0180","MUT/MUT","KO","LI",2,20707.3328924932,2422.13696289062,52247.2265625,110522130.7744,9294,2.00750398635864,192453951.902832,5.89687661857447,-7.83624410597867,-9.23054551604181,NA,"lung (right)","KO-LI"
"852","Scan_0180","MUT/MUT","KO","LI",3,21762.8310809765,6302.86328125,31024.3671875,17918608.7084459,3659,0.790343999862671,79630198.925293,4.26888180895623,-4.97427222839891,-9.08373680344115,NA,"kidney (left)","KO-LI"
"853","Scan_0180","MUT/MUT","KO","LI",4,20987.4559681869,1510.91955566406,34188.375,27028398.1083383,3576,0.772415995597839,75051142.5422363,6.21552984148062,-5.13769283237074,-8.87491186410788,NA,"kidney (right)","KO-LI"
"854","Scan_0180","MUT/MUT","KO","LI",5,16375.7254291079,2553.56103515625,28785.3046875,39457730.2204939,6504,1.40486395359039,106507718.190918,3.89612798655605,-6.10903610486382,-8.81878163552358,NA,"stomach","KO-LI"
"855","Scan_0180","MUT/MUT","KO","LI",6,25869.2786468134,183.754852294922,40099.6171875,37071426.969488,133293,28.7912883758545,3448193758.66969,5.39626815580269,-6.59724949469546,-7.51910089584443,NA,"liver","KO-LI"
"856","Scan_0180","MUT/MUT","KO","LI",7,21237.6185431229,6521.91796875,28304.326171875,17497146.5718108,304,0.0656640008091927,6456236.03710938,4.65728452180561,-5.84560655543679,-9.41727940208034,NA,"adrenal (left)","KO-LI"
"857","Scan_0180","MUT/MUT","KO","LI",8,21850.7460082318,7798.3671875,30418.001953125,9481658.18410615,354,0.0764639973640442,7735164.08691406,5.9157189553471,-5.74364067675704,-9.35561570894922,NA,"adrenal (right)","KO-LI"
"858","Scan_0180","MUT/MUT","KO","LI",9,17739.3243874568,6087.537109375,29180.826171875,13568745.3903259,958,0.206927999854088,16994272.7631836,5.34536440313733,-4.19684721580377,-7.20925995366807,NA,"rectum","KO-LI"
"859","Scan_0180","MUT/MUT","KO","LI",10,19844.7292945737,3115.03295898438,33597.21875,15505559.2971316,1464,0.316224008798599,29052683.6872559,5.36646916373831,-4.79108649503991,-6.92344635635133,NA,"bladder","KO-LI"
"860","Scan_0180","MUT/MUT","KO","LI",11,18590.4627690623,3326.26953125,40841.796875,48542207.5244075,12986,2.80497598648071,241415749.519043,5.33797194226649,-8.62215331226785,-7.48084830624469,NA,"heart","KO-LI"
"861","Scan_0180","MUT/MUT","KO","LI",12,23172.4082058153,12243.7177734375,31115.35546875,7832322.35912732,363,0.0784080028533936,8411584.17871094,4.72355898896525,-10.1236616881032,-8.53301450429865,NA,"thymus (left)","KO-LI"
"862","Scan_0180","MUT/MUT","KO","LI",13,23817.328006042,10646.98828125,27362.865234375,5153708.39474886,353,0.0762479975819588,8407516.78613281,5.60460597700168,-10.1980292108714,-8.49109705527847,NA,"thymus (right)","KO-LI"
"863","Scan_0180","MUT/MUT","KO","LI",14,15813.6163150153,1009.61437988281,29828.546875,19489604.7403098,170997,36.9353523254395,2704080949.01868,5.25806907388897,-13.3294808535546,-6.24409683008945,NA,"brain","KO-LI"
"864","Scan_0180","MUT/MUT","KO","LI",15,18398.3156384812,7054.3583984375,27867.77734375,3670424.55949186,32228,6.96124792098999,592940916.396973,5.2928556172244,-8.19430009913501,-9.96143273719924,NA,"spinal cord","KO-LI"
